This is XeTeX, Version 3.141592653-2.6-0.999993 (TeX Live 2021) (preloaded format=xelatex 2022.2.4)  29 DEC 2025 23:03
entering extended mode
 restricted \write18 enabled.
 %&-line parsing enabled.
**DA-54_spgz_changes_2025.tex
(./DA-54_spgz_changes_2025.tex
LaTeX2e <2020-10-01> patch level 4
L3 programming layer <2021-02-18> (/usr/local/texlive/2021/texmf-dist/tex/latex
/base/article.cls
Document Class: article 2020/04/10 v1.4m Standard LaTeX document class
(/usr/local/texlive/2021/texmf-dist/tex/latex/base/size10.clo
File: size10.clo 2020/04/10 v1.4m Standard LaTeX file (size option)
)
\c@part=\count175
\c@section=\count176
\c@subsection=\count177
\c@subsubsection=\count178
\c@paragraph=\count179
\c@subparagraph=\count180
\c@figure=\count181
\c@table=\count182
\abovecaptionskip=\skip47
\belowcaptionskip=\skip48
\bibindent=\dimen138
) (/usr/local/texlive/2021/texmf-dist/tex/latex/xcolor/xcolor.sty
Package: xcolor 2016/05/11 v2.12 LaTeX color extensions (UK)
(/usr/local/texlive/2021/texmf-dist/tex/latex/graphics-cfg/color.cfg
File: color.cfg 2016/01/02 v1.6 sample color configuration
)
Package xcolor Info: Driver file: xetex.def on input line 225.
(/usr/local/texlive/2021/texmf-dist/tex/latex/graphics-def/xetex.def
File: xetex.def 2021/03/18 v5.0k Graphics/color driver for xetex
)
Package xcolor Info: Model `cmy' substituted by `cmy0' on input line 1348.
Package xcolor Info: Model `RGB' extended on input line 1364.
Package xcolor Info: Model `HTML' substituted by `rgb' on input line 1366.
Package xcolor Info: Model `Hsb' substituted by `hsb' on input line 1367.
Package xcolor Info: Model `tHsb' substituted by `hsb' on input line 1368.
Package xcolor Info: Model `HSB' substituted by `hsb' on input line 1369.
Package xcolor Info: Model `Gray' substituted by `gray' on input line 1370.
Package xcolor Info: Model `wave' substituted by `hsb' on input line 1371.
) (/usr/local/texlive/2021/texmf-dist/tex/latex/geometry/geometry.sty
Package: geometry 2020/01/02 v5.9 Page Geometry
(/usr/local/texlive/2021/texmf-dist/tex/latex/graphics/keyval.sty
Package: keyval 2014/10/28 v1.15 key=value parser (DPC)
\KV@toks@=\toks15
) (/usr/local/texlive/2021/texmf-dist/tex/generic/iftex/ifvtex.sty
Package: ifvtex 2019/10/25 v1.7 ifvtex legacy package. Use iftex instead.
(/usr/local/texlive/2021/texmf-dist/tex/generic/iftex/iftex.sty
Package: iftex 2020/03/06 v1.0d TeX engine tests
))
\Gm@cnth=\count183
\Gm@cntv=\count184
\c@Gm@tempcnt=\count185
\Gm@bindingoffset=\dimen139
\Gm@wd@mp=\dimen140
\Gm@odd@mp=\dimen141
\Gm@even@mp=\dimen142
\Gm@layoutwidth=\dimen143
\Gm@layoutheight=\dimen144
\Gm@layouthoffset=\dimen145
\Gm@layoutvoffset=\dimen146
\Gm@dimlist=\toks16
) (/usr/local/texlive/2021/texmf-dist/tex/latex/amsmath/amsmath.sty
Package: amsmath 2020/09/23 v2.17i AMS math features
\@mathmargin=\skip49
For additional information on amsmath, use the `?' option.
(/usr/local/texlive/2021/texmf-dist/tex/latex/amsmath/amstext.sty
Package: amstext 2000/06/29 v2.01 AMS text
(/usr/local/texlive/2021/texmf-dist/tex/latex/amsmath/amsgen.sty
File: amsgen.sty 1999/11/30 v2.0 generic functions
\@emptytoks=\toks17
\ex@=\dimen147
)) (/usr/local/texlive/2021/texmf-dist/tex/latex/amsmath/amsbsy.sty
Package: amsbsy 1999/11/29 v1.2d Bold Symbols
\pmbraise@=\dimen148
) (/usr/local/texlive/2021/texmf-dist/tex/latex/amsmath/amsopn.sty
Package: amsopn 2016/03/08 v2.02 operator names
)
\inf@bad=\count186
LaTeX Info: Redefining \frac on input line 234.
\uproot@=\count187
\leftroot@=\count188
LaTeX Info: Redefining \overline on input line 399.
\classnum@=\count189
\DOTSCASE@=\count190
LaTeX Info: Redefining \ldots on input line 496.
LaTeX Info: Redefining \dots on input line 499.
LaTeX Info: Redefining \cdots on input line 620.
\Mathstrutbox@=\box47
\strutbox@=\box48
\big@size=\dimen149
LaTeX Font Info:    Redeclaring font encoding OML on input line 743.
LaTeX Font Info:    Redeclaring font encoding OMS on input line 744.
\macc@depth=\count191
\c@MaxMatrixCols=\count192
\dotsspace@=\muskip16
\c@parentequation=\count193
\dspbrk@lvl=\count194
\tag@help=\toks18
\row@=\count195
\column@=\count196
\maxfields@=\count197
\andhelp@=\toks19
\eqnshift@=\dimen150
\alignsep@=\dimen151
\tagshift@=\dimen152
\tagwidth@=\dimen153
\totwidth@=\dimen154
\lineht@=\dimen155
\@envbody=\toks20
\multlinegap=\skip50
\multlinetaggap=\skip51
\mathdisplay@stack=\toks21
LaTeX Info: Redefining \[ on input line 2923.
LaTeX Info: Redefining \] on input line 2924.
) (/usr/local/texlive/2021/texmf-dist/tex/latex/amsfonts/amssymb.sty
Package: amssymb 2013/01/14 v3.01 AMS font symbols
(/usr/local/texlive/2021/texmf-dist/tex/latex/amsfonts/amsfonts.sty
Package: amsfonts 2013/01/14 v3.01 Basic AMSFonts support
\symAMSa=\mathgroup4
\symAMSb=\mathgroup5
LaTeX Font Info:    Redeclaring math symbol \hbar on input line 98.
LaTeX Font Info:    Overwriting math alphabet `\mathfrak' in version `bold'
(Font)                  U/euf/m/n --> U/euf/b/n on input line 106.
)) (/usr/local/texlive/2021/texmf-dist/tex/latex/unicode-math/unicode-math.sty 
(/usr/local/texlive/2021/texmf-dist/tex/latex/l3kernel/expl3.sty
Package: expl3 2021-02-18 L3 programming layer (loader) 
(/usr/local/texlive/2021/texmf-dist/tex/latex/l3backend/l3backend-xetex.def
File: l3backend-xetex.def 2021-03-18 L3 backend support: XeTeX
(|extractbb --version)
\c__kernel_sys_dvipdfmx_version_int=\count198
\l__color_backend_stack_int=\count199
\g__color_backend_stack_int=\count266
\g__graphics_track_int=\count267
\l__pdf_internal_box=\box49
\g__pdf_backend_object_int=\count268
\g__pdf_backend_annotation_int=\count269
\g__pdf_backend_link_int=\count270
))
Package: unicode-math 2020/01/31 v0.8q Unicode maths in XeLaTeX and LuaLaTeX

(/usr/local/texlive/2021/texmf-dist/tex/latex/unicode-math/unicode-math-xetex.s
ty
Package: unicode-math-xetex 2020/01/31 v0.8q Unicode maths in XeLaTeX and LuaLa
TeX
(/usr/local/texlive/2021/texmf-dist/tex/latex/l3packages/xparse/xparse.sty
(/usr/local/texlive/2021/texmf-dist/tex/latex/l3packages/xparse/xparse-2020-10-
01.sty
(/usr/local/texlive/2021/texmf-dist/tex/latex/l3packages/xparse/xparse-generic.
tex))) (/usr/local/texlive/2021/texmf-dist/tex/latex/l3packages/l3keys2e/l3keys
2e.sty
Package: l3keys2e 2021-03-12 LaTeX2e option processing using LaTeX3 keys
) (/usr/local/texlive/2021/texmf-dist/tex/latex/fontspec/fontspec.sty
Package: fontspec 2020/02/21 v2.7i Font selection for XeLaTeX and LuaLaTeX
(/usr/local/texlive/2021/texmf-dist/tex/latex/fontspec/fontspec-xetex.sty
Package: fontspec-xetex 2020/02/21 v2.7i Font selection for XeLaTeX and LuaLaTe
X
\l__fontspec_script_int=\count271
\l__fontspec_language_int=\count272
\l__fontspec_strnum_int=\count273
\l__fontspec_tmp_int=\count274
\l__fontspec_tmpa_int=\count275
\l__fontspec_tmpb_int=\count276
\l__fontspec_tmpc_int=\count277
\l__fontspec_em_int=\count278
\l__fontspec_emdef_int=\count279
\l__fontspec_strong_int=\count280
\l__fontspec_strongdef_int=\count281
\l__fontspec_tmpa_dim=\dimen156
\l__fontspec_tmpb_dim=\dimen157
\l__fontspec_tmpc_dim=\dimen158
(/usr/local/texlive/2021/texmf-dist/tex/latex/base/fontenc.sty
Package: fontenc 2020/08/10 v2.0s Standard LaTeX package
) (/usr/local/texlive/2021/texmf-dist/tex/latex/fontspec/fontspec.cfg))) (/usr/
local/texlive/2021/texmf-dist/tex/latex/base/fix-cm.sty
Package: fix-cm 2015/01/14 v1.1t fixes to LaTeX
(/usr/local/texlive/2021/texmf-dist/tex/latex/base/ts1enc.def
File: ts1enc.def 2001/06/05 v3.0e (jk/car/fm) Standard LaTeX file
LaTeX Font Info:    Redeclaring font encoding TS1 on input line 47.
))
\g__um_fam_int=\count282
\g__um_fonts_used_int=\count283
\l__um_primecount_int=\count284
\g__um_primekern_muskip=\muskip17

(/usr/local/texlive/2021/texmf-dist/tex/latex/unicode-math/unicode-math-table.t
ex))) (/usr/local/texlive/2021/texmf-dist/tex/latex/lm/lmodern.sty
Package: lmodern 2015/05/01 v1.6.1 Latin Modern Fonts
LaTeX Font Info:    Overwriting symbol font `operators' in version `normal'
(Font)                  OT1/cmr/m/n --> OT1/lmr/m/n on input line 22.
LaTeX Font Info:    Overwriting symbol font `letters' in version `normal'
(Font)                  OML/cmm/m/it --> OML/lmm/m/it on input line 23.
LaTeX Font Info:    Overwriting symbol font `symbols' in version `normal'
(Font)                  OMS/cmsy/m/n --> OMS/lmsy/m/n on input line 24.
LaTeX Font Info:    Overwriting symbol font `largesymbols' in version `normal'
(Font)                  OMX/cmex/m/n --> OMX/lmex/m/n on input line 25.
LaTeX Font Info:    Overwriting symbol font `operators' in version `bold'
(Font)                  OT1/cmr/bx/n --> OT1/lmr/bx/n on input line 26.
LaTeX Font Info:    Overwriting symbol font `letters' in version `bold'
(Font)                  OML/cmm/b/it --> OML/lmm/b/it on input line 27.
LaTeX Font Info:    Overwriting symbol font `symbols' in version `bold'
(Font)                  OMS/cmsy/b/n --> OMS/lmsy/b/n on input line 28.
LaTeX Font Info:    Overwriting symbol font `largesymbols' in version `bold'
(Font)                  OMX/cmex/m/n --> OMX/lmex/m/n on input line 29.
LaTeX Font Info:    Overwriting math alphabet `\mathbf' in version `normal'
(Font)                  OT1/cmr/bx/n --> OT1/lmr/bx/n on input line 31.
LaTeX Font Info:    Overwriting math alphabet `\mathsf' in version `normal'
(Font)                  OT1/cmss/m/n --> OT1/lmss/m/n on input line 32.
LaTeX Font Info:    Overwriting math alphabet `\mathit' in version `normal'
(Font)                  OT1/cmr/m/it --> OT1/lmr/m/it on input line 33.
LaTeX Font Info:    Overwriting math alphabet `\mathtt' in version `normal'
(Font)                  OT1/cmtt/m/n --> OT1/lmtt/m/n on input line 34.
LaTeX Font Info:    Overwriting math alphabet `\mathbf' in version `bold'
(Font)                  OT1/cmr/bx/n --> OT1/lmr/bx/n on input line 35.
LaTeX Font Info:    Overwriting math alphabet `\mathsf' in version `bold'
(Font)                  OT1/cmss/bx/n --> OT1/lmss/bx/n on input line 36.
LaTeX Font Info:    Overwriting math alphabet `\mathit' in version `bold'
(Font)                  OT1/cmr/bx/it --> OT1/lmr/bx/it on input line 37.
LaTeX Font Info:    Overwriting math alphabet `\mathtt' in version `bold'
(Font)                  OT1/cmtt/m/n --> OT1/lmtt/m/n on input line 38.
) (/usr/local/texlive/2021/texmf-dist/tex/latex/upquote/upquote.sty
Package: upquote 2012/04/19 v1.3 upright-quote and grave-accent glyphs in verba
tim
(/usr/local/texlive/2021/texmf-dist/tex/latex/base/textcomp.sty
Package: textcomp 2020/02/02 v2.0n Standard LaTeX package
)) (/usr/local/texlive/2021/texmf-dist/tex/latex/microtype/microtype.sty
Package: microtype 2021/03/14 v2.8c Micro-typographical refinements (RS)
\MT@toks=\toks22
\MT@count=\count285
LaTeX Info: Redefining \textls on input line 790.
\MT@outer@kern=\dimen159
LaTeX Info: Redefining \textmicrotypecontext on input line 1374.
\MT@listname@count=\count286
(/usr/local/texlive/2021/texmf-dist/tex/latex/microtype/microtype-xetex.def
File: microtype-xetex.def 2021/03/14 v2.8c Definitions specific to xetex (RS)
LaTeX Info: Redefining \lsstyle on input line 254.
)
Package microtype Info: Loading configuration file microtype.cfg.
(/usr/local/texlive/2021/texmf-dist/tex/latex/microtype/microtype.cfg
File: microtype.cfg 2021/03/14 v2.8c microtype main configuration file (RS)
)) (/usr/local/texlive/2021/texmf-dist/tex/latex/parskip/parskip.sty
Package: parskip 2021-03-14 v2.0h non-zero parskip adjustments
(/usr/local/texlive/2021/texmf-dist/tex/latex/kvoptions/kvoptions.sty
Package: kvoptions 2020-10-07 v3.14 Key value format for package options (HO)
(/usr/local/texlive/2021/texmf-dist/tex/generic/ltxcmds/ltxcmds.sty
Package: ltxcmds 2020-05-10 v1.25 LaTeX kernel commands for general use (HO)
) (/usr/local/texlive/2021/texmf-dist/tex/generic/kvsetkeys/kvsetkeys.sty
Package: kvsetkeys 2019/12/15 v1.18 Key value parser (HO)
)) (/usr/local/texlive/2021/texmf-dist/tex/latex/etoolbox/etoolbox.sty
Package: etoolbox 2020/10/05 v2.5k e-TeX tools for LaTeX (JAW)
\etb@tempcnta=\count287
)) (/usr/local/texlive/2021/texmf-dist/tex/latex/fancyvrb/fancyvrb.sty
Package: fancyvrb 2021/01/20 v3.7 verbatim text (tvz,hv)
\FV@CodeLineNo=\count288
\FV@InFile=\read2
\FV@TabBox=\box50
\c@FancyVerbLine=\count289
\FV@StepNumber=\count290
\FV@OutFile=\write3
) (/usr/local/texlive/2021/texmf-dist/tex/latex/framed/framed.sty
Package: framed 2011/10/22 v 0.96: framed or shaded text with page breaks
\OuterFrameSep=\skip52
\fb@frw=\dimen160
\fb@frh=\dimen161
\FrameRule=\dimen162
\FrameSep=\dimen163
) (/usr/local/texlive/2021/texmf-dist/tex/latex/tools/longtable.sty
Package: longtable 2020/01/07 v4.13 Multi-page Table package (DPC)
\LTleft=\skip53
\LTright=\skip54
\LTpre=\skip55
\LTpost=\skip56
\LTchunksize=\count291
\LTcapwidth=\dimen164
\LT@head=\box51
\LT@firsthead=\box52
\LT@foot=\box53
\LT@lastfoot=\box54
\LT@cols=\count292
\LT@rows=\count293
\c@LT@tables=\count294
\c@LT@chunks=\count295
\LT@p@ftn=\toks23
) (/usr/local/texlive/2021/texmf-dist/tex/latex/booktabs/booktabs.sty
Package: booktabs 2020/01/12 v1.61803398 Publication quality tables
\heavyrulewidth=\dimen165
\lightrulewidth=\dimen166
\cmidrulewidth=\dimen167
\belowrulesep=\dimen168
\belowbottomsep=\dimen169
\aboverulesep=\dimen170
\abovetopsep=\dimen171
\cmidrulesep=\dimen172
\cmidrulekern=\dimen173
\defaultaddspace=\dimen174
\@cmidla=\count296
\@cmidlb=\count297
\@aboverulesep=\dimen175
\@belowrulesep=\dimen176
\@thisruleclass=\count298
\@lastruleclass=\count299
\@thisrulewidth=\dimen177
) (/usr/local/texlive/2021/texmf-dist/tex/latex/tools/array.sty
Package: array 2020/10/01 v2.5c Tabular extension package (FMi)
\col@sep=\dimen178
\ar@mcellbox=\box55
\extrarowheight=\dimen179
\NC@list=\toks24
\extratabsurround=\skip57
\backup@length=\skip58
\ar@cellbox=\box56
) (/usr/local/texlive/2021/texmf-dist/tex/latex/tools/calc.sty
Package: calc 2017/05/25 v4.3 Infix arithmetic (KKT,FJ)
\calc@Acount=\count300
\calc@Bcount=\count301
\calc@Adimen=\dimen180
\calc@Bdimen=\dimen181
\calc@Askip=\skip59
\calc@Bskip=\skip60
LaTeX Info: Redefining \setlength on input line 80.
LaTeX Info: Redefining \addtolength on input line 81.
\calc@Ccount=\count302
\calc@Cskip=\skip61
) (/usr/local/texlive/2021/texmf-dist/tex/latex/footnotehyper/footnotehyper.sty
Package: footnotehyper 2021/02/04 v1.1d hyperref aware footnote.sty (JFB)
\FNH@notes=\box57
\FNH@width=\dimen182
\FNH@toks=\toks25
) (/usr/local/texlive/2021/texmf-dist/tex/latex/graphics/graphicx.sty
Package: graphicx 2020/09/09 v1.2b Enhanced LaTeX Graphics (DPC,SPQR)
(/usr/local/texlive/2021/texmf-dist/tex/latex/graphics/graphics.sty
Package: graphics 2020/08/30 v1.4c Standard LaTeX Graphics (DPC,SPQR)
(/usr/local/texlive/2021/texmf-dist/tex/latex/graphics/trig.sty
Package: trig 2016/01/03 v1.10 sin cos tan (DPC)
) (/usr/local/texlive/2021/texmf-dist/tex/latex/graphics-cfg/graphics.cfg
File: graphics.cfg 2016/06/04 v1.11 sample graphics configuration
)
Package graphics Info: Driver file: xetex.def on input line 105.
)
\Gin@req@height=\dimen183
\Gin@req@width=\dimen184
)
\pandoc@box=\box58
(/usr/local/texlive/2021/texmf-dist/tex/latex/base/fontenc.sty
Package: fontenc 2020/08/10 v2.0s Standard LaTeX package
(/usr/local/texlive/2021/texmf-dist/tex/latex/cyrillic/t2aenc.def
File: t2aenc.def 2005/09/27 v1.0i Cyrillic encoding definition file
)
LaTeX Font Info:    Trying to load font information for T2A+lmr on input line 1
12.
LaTeX Font Info:    No file T2Almr.fd. on input line 112.
LaTeX Font Info:    Trying to load font information for T2A+cmr on input line 1
12.
(/usr/local/texlive/2021/texmf-dist/tex/latex/cyrillic/t2acmr.fd
File: t2acmr.fd 2001/08/11 v1.0a Computer Modern Cyrillic font definitions
)

LaTeX Font Warning: Font shape `T2A/lmr/m/n' undefined
(Font)              using `T2A/cmr/m/n' instead on input line 112.

) (/usr/local/texlive/2021/texmf-dist/tex/latex/base/inputenc.sty
Package: inputenc 2020/08/01 v1.3d Input encoding file
\inpenc@prehook=\toks26
\inpenc@posthook=\toks27

Package inputenc Warning: inputenc package ignored with utf8 based engines.

) (/usr/local/texlive/2021/texmf-dist/tex/generic/babel/babel.sty
Package: babel 2021/03/24 3.56 The Babel package
(/usr/local/texlive/2021/texmf-dist/tex/generic/babel/babel.def
File: babel.def 2021/03/24 3.56 Babel common definitions
\babel@savecnt=\count303
\U@D=\dimen185
\l@babelnohyphens=\language87
(/usr/local/texlive/2021/texmf-dist/tex/generic/babel/xebabel.def (/usr/local/t
exlive/2021/texmf-dist/tex/generic/babel/txtbabel.def))
\bbl@readstream=\read3
)
\bbl@dirlevel=\count304
(/usr/local/texlive/2021/texmf-dist/tex/generic/babel-russian/russianb.ldf
File: russianb.ldf 2021/01/10 1.3m Russian support for the Babel system
Language: russian 2020/09/09 1.3k Russian support for the Babel system
Package babel Info: Making " an active character on input line 124.
Package babel Info: Default for \cyrdash is provided on input line 163.
) (/usr/local/texlive/2021/texmf-dist/tex/generic/babel-english/english.ldf
Language: english 2017/06/06 v3.3r English support from the babel system
Package babel Info: \l@canadian = using hyphenrules for english
(babel)             (\language0) on input line 102.
Package babel Info: \l@australian = using hyphenrules for ukenglish
(babel)             (\language21) on input line 105.
Package babel Info: \l@newzealand = using hyphenrules for ukenglish
(babel)             (\language21) on input line 108.
)) (/usr/local/texlive/2021/texmf-dist/tex/latex/bookmark/bookmark.sty
Package: bookmark 2020-11-06 v1.29 PDF bookmarks (HO)
(/usr/local/texlive/2021/texmf-dist/tex/latex/hyperref/hyperref.sty
Package: hyperref 2021-02-27 v7.00k Hypertext links for LaTeX
(/usr/local/texlive/2021/texmf-dist/tex/generic/pdftexcmds/pdftexcmds.sty
Package: pdftexcmds 2020-06-27 v0.33 Utility functions of pdfTeX for LuaTeX (HO
)
(/usr/local/texlive/2021/texmf-dist/tex/generic/infwarerr/infwarerr.sty
Package: infwarerr 2019/12/03 v1.5 Providing info/warning/error messages (HO)
)
Package pdftexcmds Info: \pdf@primitive is available.
Package pdftexcmds Info: \pdf@ifprimitive is available.
Package pdftexcmds Info: \pdfdraftmode not found.
) (/usr/local/texlive/2021/texmf-dist/tex/generic/kvdefinekeys/kvdefinekeys.sty
Package: kvdefinekeys 2019-12-19 v1.6 Define keys (HO)
) (/usr/local/texlive/2021/texmf-dist/tex/generic/pdfescape/pdfescape.sty
Package: pdfescape 2019/12/09 v1.15 Implements pdfTeX's escape features (HO)
) (/usr/local/texlive/2021/texmf-dist/tex/latex/hycolor/hycolor.sty
Package: hycolor 2020-01-27 v1.10 Color options for hyperref/bookmark (HO)
) (/usr/local/texlive/2021/texmf-dist/tex/latex/letltxmacro/letltxmacro.sty
Package: letltxmacro 2019/12/03 v1.6 Let assignment for LaTeX macros (HO)
) (/usr/local/texlive/2021/texmf-dist/tex/latex/auxhook/auxhook.sty
Package: auxhook 2019-12-17 v1.6 Hooks for auxiliary files (HO)
)
\@linkdim=\dimen186
\Hy@linkcounter=\count305
\Hy@pagecounter=\count306
(/usr/local/texlive/2021/texmf-dist/tex/latex/hyperref/pd1enc.def
File: pd1enc.def 2021-02-27 v7.00k Hyperref: PDFDocEncoding definition (HO)
)
(/usr/local/texlive/2021/texmf-dist/tex/latex/hyperref/hyperref-langpatches.def
File: hyperref-langpatches.def 2021-02-27 v7.00k Hyperref: patches for babel la
nguages
) (/usr/local/texlive/2021/texmf-dist/tex/generic/intcalc/intcalc.sty
Package: intcalc 2019/12/15 v1.3 Expandable calculations with integers (HO)
) (/usr/local/texlive/2021/texmf-dist/tex/generic/etexcmds/etexcmds.sty
Package: etexcmds 2019/12/15 v1.7 Avoid name clashes with e-TeX commands (HO)
)
\Hy@SavedSpaceFactor=\count307
(/usr/local/texlive/2021/texmf-dist/tex/latex/hyperref/puenc.def
File: puenc.def 2021-02-27 v7.00k Hyperref: PDF Unicode definition (HO)
)
Package hyperref Info: Option `unicode' set `true' on input line 3167.
Package hyperref Info: Option `unicode' set `true' on input line 4073.
Package hyperref Info: Hyper figures OFF on input line 4192.
Package hyperref Info: Link nesting OFF on input line 4197.
Package hyperref Info: Hyper index ON on input line 4200.
Package hyperref Info: Plain pages OFF on input line 4207.
Package hyperref Info: Backreferencing OFF on input line 4212.
Package hyperref Info: Implicit mode ON; LaTeX internals redefined.
Package hyperref Info: Bookmarks ON on input line 4445.
\c@Hy@tempcnt=\count308
(/usr/local/texlive/2021/texmf-dist/tex/latex/url/url.sty
\Urlmuskip=\muskip18
Package: url 2013/09/16  ver 3.4  Verb mode for urls, etc.
)
LaTeX Info: Redefining \url on input line 4804.
\XeTeXLinkMargin=\dimen187
(/usr/local/texlive/2021/texmf-dist/tex/generic/bitset/bitset.sty
Package: bitset 2019/12/09 v1.3 Handle bit-vector datatype (HO)
(/usr/local/texlive/2021/texmf-dist/tex/generic/bigintcalc/bigintcalc.sty
Package: bigintcalc 2019/12/15 v1.5 Expandable calculations on big integers (HO
)
))
\Fld@menulength=\count309
\Field@Width=\dimen188
\Fld@charsize=\dimen189
Package hyperref Info: Hyper figures OFF on input line 6075.
Package hyperref Info: Link nesting OFF on input line 6080.
Package hyperref Info: Hyper index ON on input line 6083.
Package hyperref Info: backreferencing OFF on input line 6090.
Package hyperref Info: Link coloring OFF on input line 6095.
Package hyperref Info: Link coloring with OCG OFF on input line 6100.
Package hyperref Info: PDF/A mode OFF on input line 6105.
LaTeX Info: Redefining \ref on input line 6145.
LaTeX Info: Redefining \pageref on input line 6149.
(/usr/local/texlive/2021/texmf-dist/tex/latex/base/atbegshi-ltx.sty
Package: atbegshi-ltx 2020/08/17 v1.0a Emulation of the original atbegshi packa
ge
with kernel methods
)
\Hy@abspage=\count310
\c@Item=\count311
\c@Hfootnote=\count312
)
Package hyperref Info: Driver (autodetected): hxetex.
(/usr/local/texlive/2021/texmf-dist/tex/latex/hyperref/hxetex.def
File: hxetex.def 2021-02-27 v7.00k Hyperref driver for XeTeX
(/usr/local/texlive/2021/texmf-dist/tex/generic/stringenc/stringenc.sty
Package: stringenc 2019/11/29 v1.12 Convert strings between diff. encodings (HO
)
)
\pdfm@box=\box59
\c@Hy@AnnotLevel=\count313
\HyField@AnnotCount=\count314
\Fld@listcount=\count315
\c@bookmark@seq@number=\count316

(/usr/local/texlive/2021/texmf-dist/tex/latex/rerunfilecheck/rerunfilecheck.sty
Package: rerunfilecheck 2019/12/05 v1.9 Rerun checks for auxiliary files (HO)
(/usr/local/texlive/2021/texmf-dist/tex/latex/base/atveryend-ltx.sty
Package: atveryend-ltx 2020/08/19 v1.0a Emulation of the original atvery packag
e
with kernel methods
)
(/usr/local/texlive/2021/texmf-dist/tex/generic/uniquecounter/uniquecounter.sty
Package: uniquecounter 2019/12/15 v1.4 Provide unlimited unique counter (HO)
)
Package uniquecounter Info: New unique counter `rerunfilecheck' on input line 2
86.
)
\Hy@SectionHShift=\skip62
) (/usr/local/texlive/2021/texmf-dist/tex/latex/bookmark/bkm-dvipdfm.def
File: bkm-dvipdfm.def 2020-11-06 v1.29 bookmark driver for dvipdfm (HO)
\BKM@id=\count317
)) (/usr/local/texlive/2021/texmf-dist/tex/latex/xurl/xurl.sty
Package: xurl 2020/12/30 v 0.09a modify URL breaks
) (./DA-54_spgz_changes_2025.aux)
\openout1 = `DA-54_spgz_changes_2025.aux'.

LaTeX Font Info:    Checking defaults for OML/cmm/m/it on input line 125.
LaTeX Font Info:    ... okay on input line 125.
LaTeX Font Info:    Checking defaults for OMS/cmsy/m/n on input line 125.
LaTeX Font Info:    ... okay on input line 125.
LaTeX Font Info:    Checking defaults for OT1/cmr/m/n on input line 125.
LaTeX Font Info:    ... okay on input line 125.
LaTeX Font Info:    Checking defaults for T1/cmr/m/n on input line 125.
LaTeX Font Info:    ... okay on input line 125.
LaTeX Font Info:    Checking defaults for TS1/cmr/m/n on input line 125.
LaTeX Font Info:    ... okay on input line 125.
LaTeX Font Info:    Checking defaults for TU/lmr/m/n on input line 125.
LaTeX Font Info:    ... okay on input line 125.
LaTeX Font Info:    Checking defaults for OMX/cmex/m/n on input line 125.
LaTeX Font Info:    ... okay on input line 125.
LaTeX Font Info:    Checking defaults for U/cmr/m/n on input line 125.
LaTeX Font Info:    ... okay on input line 125.
LaTeX Font Info:    Checking defaults for T2A/cmr/m/n on input line 125.
LaTeX Font Info:    ... okay on input line 125.
LaTeX Font Info:    Checking defaults for PD1/pdf/m/n on input line 125.
LaTeX Font Info:    ... okay on input line 125.
LaTeX Font Info:    Checking defaults for PU/pdf/m/n on input line 125.
LaTeX Font Info:    ... okay on input line 125.
*geometry* driver: auto-detecting
*geometry* detected driver: xetex
*geometry* verbose mode - [ preamble ] result:
* driver: xetex
* paper: <default>
* layout: <same size as paper>
* layoutoffset:(h,v)=(0.0pt,0.0pt)
* modes: 
* h-part:(L,W,R)=(72.26999pt, 469.75502pt, 72.26999pt)
* v-part:(T,H,B)=(72.26999pt, 650.43001pt, 72.26999pt)
* \paperwidth=614.295pt
* \paperheight=794.96999pt
* \textwidth=469.75502pt
* \textheight=650.43001pt
* \oddsidemargin=0.0pt
* \evensidemargin=0.0pt
* \topmargin=-37.0pt
* \headheight=12.0pt
* \headsep=25.0pt
* \topskip=10.0pt
* \footskip=30.0pt
* \marginparwidth=65.0pt
* \marginparsep=11.0pt
* \columnsep=10.0pt
* \skip\footins=9.0pt plus 4.0pt minus 2.0pt
* \hoffset=0.0pt
* \voffset=0.0pt
* \mag=1000
* \@twocolumnfalse
* \@twosidefalse
* \@mparswitchfalse
* \@reversemarginfalse
* (1in=72.27pt=25.4mm, 1cm=28.453pt)

LaTeX Font Info:    Overwriting math alphabet `\mathrm' in version `normal'
(Font)                  OT1/lmr/m/n --> TU/lmr/m/n on input line 125.
LaTeX Font Info:    Overwriting math alphabet `\mathit' in version `normal'
(Font)                  OT1/lmr/m/it --> TU/lmr/m/it on input line 125.
LaTeX Font Info:    Overwriting math alphabet `\mathbf' in version `normal'
(Font)                  OT1/lmr/bx/n --> TU/lmr/bx/n on input line 125.
LaTeX Font Info:    Overwriting math alphabet `\mathsf' in version `normal'
(Font)                  OT1/lmss/m/n --> TU/lmss/m/n on input line 125.
LaTeX Font Info:    Overwriting math alphabet `\mathsf' in version `bold'
(Font)                  OT1/lmss/bx/n --> TU/lmss/bx/n on input line 125.
LaTeX Font Info:    Overwriting math alphabet `\mathtt' in version `normal'
(Font)                  OT1/lmtt/m/n --> TU/lmtt/m/n on input line 125.
LaTeX Font Info:    Overwriting math alphabet `\mathtt' in version `bold'
(Font)                  OT1/lmtt/m/n --> TU/lmtt/bx/n on input line 125.

Package fontspec Info: latinmodern-math scale = 0.998721947454693.


Package fontspec Info: latinmodern-math scale = 0.998721947454693.


Package fontspec Info: latinmodern-math scale = 0.998721947454693.


Package fontspec Info: Font family 'latinmodern-math.otf(0)' created for font
(fontspec)             'latinmodern-math.otf' with options
(fontspec)             [Scale=MatchLowercase,BoldItalicFont={},ItalicFont={},Sm
allCapsFont={},Script=Math,BoldFont={latinmodern-math.otf}].
(fontspec)              
(fontspec)              This font family consists of the following NFSS
(fontspec)             series/shapes:
(fontspec)              
(fontspec)             - 'normal' (m/n) with NFSS spec.:
(fontspec)             <->s*[0.998721947454693]"[latinmodern-math.otf]/OT:scrip
t=math;language=dflt;"
(fontspec)             - 'small caps'  (m/sc) with NFSS spec.: 
(fontspec)             - 'bold' (b/n) with NFSS spec.:
(fontspec)             <->s*[0.998721947454693]"[latinmodern-math.otf]/OT:scrip
t=math;language=dflt;"
(fontspec)             - 'bold small caps'  (b/sc) with NFSS spec.: 

LaTeX Font Info:    Trying to load font information for T2A+latinmodern-math.ot
f(0) on input line 125.
LaTeX Font Info:    No file T2Alatinmodern-math.otf(0).fd. on input line 125.

LaTeX Font Warning: Font shape `T2A/latinmodern-math.otf(0)/m/n' undefined
(Font)              using `T2A/cmr/m/n' instead on input line 125.


Package unicode-math Warning: The first font loaded by unicode-math must be an
(unicode-math)                OpenType Math font (with script=math). If you
(unicode-math)                simply want ‘the default’ before loading
(unicode-math)                supplementary fonts over the top for certain
(unicode-math)                ranges, use: 
(unicode-math)                  \setmathfont{latinmodern-math.otf}


Package fontspec Info: latinmodern-math scale = 0.998721947454693.


Package fontspec Info: latinmodern-math scale = 0.998721947454693.


Package fontspec Info: latinmodern-math scale = 0.998721947454693.


Package fontspec Info: latinmodern-math scale = 0.998721947454693.


Package fontspec Info: latinmodern-math scale = 0.998721947454693.


Package fontspec Info: Font family 'latinmodern-math.otf(1)' created for font
(fontspec)             'latinmodern-math.otf' with options
(fontspec)             [Scale=MatchLowercase,BoldItalicFont={},ItalicFont={},Sm
allCapsFont={},Script=Math,SizeFeatures={{Size=0-},{Size=0-0,Font=latinmodern-m
ath.otf,Style=MathScript},{Size=-0,Font=latinmodern-math.otf,Style=MathScriptSc
ript}},BoldFont={latinmodern-math.otf}].
(fontspec)              
(fontspec)              This font family consists of the following NFSS
(fontspec)             series/shapes:
(fontspec)              
(fontspec)             - 'normal' (m/n) with NFSS spec.:
(fontspec)             <0->s*[0.998721947454693]"[latinmodern-math.otf]/OT:scri
pt=math;language=dflt;"<0-0>s*[0.998721947454693]"[latinmodern-math.otf]/OT:scr
ipt=math;language=dflt;+ssty=0;"<-0>s*[0.998721947454693]"[latinmodern-math.otf
]/OT:script=math;language=dflt;+ssty=1;"
(fontspec)             - 'small caps'  (m/sc) with NFSS spec.: 
(fontspec)             - 'bold' (b/n) with NFSS spec.:
(fontspec)             <->s*[0.998721947454693]"[latinmodern-math.otf]/OT:scrip
t=math;language=dflt;"
(fontspec)             - 'bold small caps'  (b/sc) with NFSS spec.: 

LaTeX Font Info:    Trying to load font information for T2A+latinmodern-math.ot
f(1) on input line 125.
LaTeX Font Info:    No file T2Alatinmodern-math.otf(1).fd. on input line 125.

LaTeX Font Warning: Font shape `T2A/latinmodern-math.otf(1)/m/n' undefined
(Font)              using `T2A/cmr/m/n' instead on input line 125.

LaTeX Font Info:    Encoding `OT1' has changed to `T2A' for symbol font
(Font)              `operators' in the math version `normal' on input line 125.

LaTeX Font Info:    Overwriting symbol font `operators' in version `normal'
(Font)                  OT1/lmr/m/n --> T2A/latinmodern-math.otf(1)/m/n on inpu
t line 125.
LaTeX Font Info:    Encoding `OT1' has changed to `T2A' for symbol font
(Font)              `operators' in the math version `bold' on input line 125.
LaTeX Font Info:    Overwriting symbol font `operators' in version `bold'
(Font)                  OT1/lmr/bx/n --> T2A/latinmodern-math.otf(1)/b/n on inp
ut line 125.
LaTeX Info: Redefining \microtypecontext on input line 125.
Package microtype Info: Character protrusion enabled (level 2).
Package microtype Info: Using protrusion set `basicmath'.
Package microtype Info: No adjustment of tracking.
Package microtype Info: No adjustment of spacing.
Package microtype Info: No adjustment of kerning.

(/usr/local/texlive/2021/texmf-dist/tex/latex/microtype/mt-LatinModernRoman.cfg
File: mt-LatinModernRoman.cfg 2021/02/21 v1.1 microtype config. file: Latin Mod
ern Roman (RS)
)
Package microtype Info: Loading generic protrusion settings for font family
(microtype)             `lmr' (encoding: T2A).
(microtype)             For optimal results, create family-specific settings.
(microtype)             See the microtype manual for details.
LaTeX Info: Redefining \th on input line 125.
Package hyperref Info: Link coloring OFF on input line 125.
(/usr/local/texlive/2021/texmf-dist/tex/latex/hyperref/nameref.sty
Package: nameref 2021-04-02 v2.47 Cross-referencing by name of section
(/usr/local/texlive/2021/texmf-dist/tex/latex/refcount/refcount.sty
Package: refcount 2019/12/15 v3.6 Data extraction from label references (HO)
)
(/usr/local/texlive/2021/texmf-dist/tex/generic/gettitlestring/gettitlestring.s
ty
Package: gettitlestring 2019/12/15 v1.6 Cleanup title references (HO)
)
\c@section@level=\count318
)
LaTeX Info: Redefining \ref on input line 125.
LaTeX Info: Redefining \pageref on input line 125.
LaTeX Info: Redefining \nameref on input line 125.
LaTeX Font Info:    Trying to load font information for OML+lmm on input line 1
27.
(/usr/local/texlive/2021/texmf-dist/tex/latex/lm/omllmm.fd
File: omllmm.fd 2015/05/01 v1.6.1 Font defs for Latin Modern
)
LaTeX Font Info:    Trying to load font information for OMS+lmsy on input line 
127.
(/usr/local/texlive/2021/texmf-dist/tex/latex/lm/omslmsy.fd
File: omslmsy.fd 2015/05/01 v1.6.1 Font defs for Latin Modern
)
LaTeX Font Info:    Trying to load font information for OMX+lmex on input line 
127.
(/usr/local/texlive/2021/texmf-dist/tex/latex/lm/omxlmex.fd
File: omxlmex.fd 2015/05/01 v1.6.1 Font defs for Latin Modern
)
LaTeX Font Info:    External font `lmex10' loaded for size
(Font)              <12> on input line 127.
LaTeX Font Info:    External font `lmex10' loaded for size
(Font)              <8> on input line 127.
LaTeX Font Info:    External font `lmex10' loaded for size
(Font)              <6> on input line 127.
LaTeX Font Info:    Trying to load font information for U+msa on input line 127
.
(/usr/local/texlive/2021/texmf-dist/tex/latex/amsfonts/umsa.fd
File: umsa.fd 2013/01/14 v3.01 AMS symbols A
) (/usr/local/texlive/2021/texmf-dist/tex/latex/microtype/mt-msa.cfg
File: mt-msa.cfg 2006/02/04 v1.1 microtype config. file: AMS symbols (a) (RS)
)
LaTeX Font Info:    Trying to load font information for U+msb on input line 127
.
(/usr/local/texlive/2021/texmf-dist/tex/latex/amsfonts/umsb.fd
File: umsb.fd 2013/01/14 v3.01 AMS symbols B
) (/usr/local/texlive/2021/texmf-dist/tex/latex/microtype/mt-msb.cfg
File: mt-msb.cfg 2005/06/01 v1.0 microtype config. file: AMS symbols (b) (RS)
)

LaTeX Font Warning: Font shape `T2A/lmr/bx/n' undefined
(Font)              using `T2A/lmr/m/n' instead on input line 130.

(./DA-54_spgz_changes_2025.toc
LaTeX Font Info:    External font `lmex10' loaded for size
(Font)              <10> on input line 4.
LaTeX Font Info:    External font `lmex10' loaded for size
(Font)              <7> on input line 4.
LaTeX Font Info:    External font `lmex10' loaded for size
(Font)              <5> on input line 4.
[1

])
\tf@toc=\write4
\openout4 = `DA-54_spgz_changes_2025.toc'.

[2]
LaTeX Font Info:    Trying to load font information for T2A+lmtt on input line 
138.
LaTeX Font Info:    No file T2Almtt.fd. on input line 138.

LaTeX Font Warning: Font shape `T2A/lmtt/m/n' undefined
(Font)              using `T2A/cmr/m/n' instead on input line 138.

(/usr/local/texlive/2021/texmf-dist/tex/latex/microtype/mt-cmr.cfg
File: mt-cmr.cfg 2013/05/19 v2.2 microtype config. file: Computer Modern Roman 
(RS)
)

LaTeX Font Warning: Font shape `T2A/lmtt/m/it' undefined
(Font)              using `T2A/lmtt/m/n' instead on input line 139.


LaTeX Font Warning: Font shape `T2A/lmtt/bx/n' undefined
(Font)              using `T2A/lmtt/m/n' instead on input line 146.

[3]
Missing character: There is no Р ("420) in font larm1000!
Missing character: There is no е ("435) in font larm1000!
Missing character: There is no а ("430) in font larm1000!
Missing character: There is no л ("43B) in font larm1000!
Missing character: There is no и ("438) in font larm1000!
Missing character: There is no з ("437) in font larm1000!
Missing character: There is no о ("43E) in font larm1000!
Missing character: There is no в ("432) in font larm1000!
Missing character: There is no а ("430) in font larm1000!
Missing character: There is no т ("442) in font larm1000!
Missing character: There is no ь ("44C) in font larm1000!
Missing character: There is no у ("443) in font larm1000!
Missing character: There is no в ("432) in font larm1000!
Missing character: There is no е ("435) in font larm1000!
Missing character: There is no д ("434) in font larm1000!
Missing character: There is no о ("43E) in font larm1000!
Missing character: There is no м ("43C) in font larm1000!
Missing character: There is no л ("43B) in font larm1000!
Missing character: There is no е ("435) in font larm1000!
Missing character: There is no н ("43D) in font larm1000!
Missing character: There is no и ("438) in font larm1000!
Missing character: There is no я ("44F) in font larm1000!
Missing character: There is no п ("43F) in font larm1000!
Missing character: There is no о ("43E) in font larm1000!
Missing character: There is no л ("43B) in font larm1000!
Missing character: There is no ь ("44C) in font larm1000!
Missing character: There is no з ("437) in font larm1000!
Missing character: There is no о ("43E) in font larm1000!
Missing character: There is no в ("432) in font larm1000!
Missing character: There is no а ("430) in font larm1000!
Missing character: There is no т ("442) in font larm1000!
Missing character: There is no е ("435) in font larm1000!
Missing character: There is no л ("43B) in font larm1000!
Missing character: There is no я ("44F) in font larm1000!
Missing character: There is no м ("43C) in font larm1000!
Missing character: There is no п ("43F) in font larm1000!
Missing character: There is no р ("440) in font larm1000!
Missing character: There is no и ("438) in font larm1000!
Missing character: There is no и ("438) in font larm1000!
Missing character: There is no з ("437) in font larm1000!
Missing character: There is no м ("43C) in font larm1000!
Missing character: There is no е ("435) in font larm1000!
Missing character: There is no н ("43D) in font larm1000!
Missing character: There is no е ("435) in font larm1000!
Missing character: There is no н ("43D) in font larm1000!
Missing character: There is no и ("438) in font larm1000!
Missing character: There is no и ("438) in font larm1000!
Missing character: There is no п ("43F) in font larm1000!
Missing character: There is no о ("43E) in font larm1000!
Missing character: There is no з ("437) in font larm1000!
Missing character: There is no и ("438) in font larm1000!
Missing character: There is no ц ("446) in font larm1000!
Missing character: There is no и ("438) in font larm1000!
Missing character: There is no й ("439) in font larm1000!
Missing character: There is no К ("41A) in font larm1000!
Missing character: There is no П ("41F) in font larm1000!
Missing character: There is no Г ("413) in font larm1000!
Missing character: There is no З ("417) in font larm1000!
Missing character: There is no С ("421) in font larm1000!
Missing character: There is no П ("41F) in font larm1000!
Missing character: There is no Г ("413) in font larm1000!
Missing character: There is no З ("417) in font larm1000!
Missing character: There is no к ("43A) in font larm1000!
Missing character: There is no о ("43E) in font larm1000!
Missing character: There is no т ("442) in font larm1000!
Missing character: There is no о ("43E) in font larm1000!
Missing character: There is no р ("440) in font larm1000!
Missing character: There is no ы ("44B) in font larm1000!
Missing character: There is no е ("435) in font larm1000!
Missing character: There is no б ("431) in font larm1000!
Missing character: There is no ы ("44B) in font larm1000!
Missing character: There is no л ("43B) in font larm1000!
Missing character: There is no и ("438) in font larm1000!
Missing character: There is no з ("437) in font larm1000!
Missing character: There is no а ("430) in font larm1000!
Missing character: There is no п ("43F) in font larm1000!
Missing character: There is no л ("43B) in font larm1000!
Missing character: There is no а ("430) in font larm1000!
Missing character: There is no н ("43D) in font larm1000!
Missing character: There is no и ("438) in font larm1000!
Missing character: There is no р ("440) in font larm1000!
Missing character: There is no о ("43E) in font larm1000!
Missing character: There is no в ("432) in font larm1000!
Missing character: There is no а ("430) in font larm1000!
Missing character: There is no н ("43D) in font larm1000!
Missing character: There is no ы ("44B) in font larm1000!
Missing character: There is no в ("432) in font larm1000!
Missing character: There is no л ("43B) in font larm1000!
Missing character: There is no о ("43E) in font larm1000!
Missing character: There is no т ("442) in font larm1000!
Missing character: There is no а ("430) in font larm1000!
Missing character: There is no х ("445) in font larm1000!
Missing character: There is no О ("41E) in font larm1000!
Missing character: There is no б ("431) in font larm1000!
Missing character: There is no с ("441) in font larm1000!
Missing character: There is no у ("443) in font larm1000!
Missing character: There is no ж ("436) in font larm1000!
Missing character: There is no д ("434) in font larm1000!
Missing character: There is no е ("435) in font larm1000!
Missing character: There is no н ("43D) in font larm1000!
Missing character: There is no и ("438) in font larm1000!
Missing character: There is no е ("435) in font larm1000!
Missing character: There is no п ("43F) in font larm1000!
Missing character: There is no р ("440) in font larm1000!
Missing character: There is no и ("438) in font larm1000!
Missing character: There is no в ("432) in font larm1000!
Missing character: There is no я ("44F) in font larm1000!
Missing character: There is no з ("437) in font larm1000!
Missing character: There is no к ("43A) in font larm1000!
Missing character: There is no и ("438) in font larm1000!
Missing character: There is no С ("421) in font larm1000!
Missing character: There is no Т ("422) in font larm1000!
Missing character: There is no З ("417) in font larm1000!
Missing character: There is no к ("43A) in font larm1000!
Missing character: There is no н ("43D) in font larm1000!
Missing character: There is no е ("435) in font larm1000!
Missing character: There is no с ("441) in font larm1000!
Missing character: There is no т ("442) in font larm1000!
Missing character: There is no а ("430) in font larm1000!
Missing character: There is no н ("43D) in font larm1000!
Missing character: There is no д ("434) in font larm1000!
Missing character: There is no а ("430) in font larm1000!
Missing character: There is no р ("440) in font larm1000!
Missing character: There is no т ("442) in font larm1000!
Missing character: There is no и ("438) in font larm1000!
Missing character: There is no з ("437) in font larm1000!
Missing character: There is no и ("438) in font larm1000!
Missing character: There is no р ("440) in font larm1000!
Missing character: There is no о ("43E) in font larm1000!
Missing character: There is no в ("432) in font larm1000!
Missing character: There is no а ("430) in font larm1000!
Missing character: There is no н ("43D) in font larm1000!
Missing character: There is no н ("43D) in font larm1000!
Missing character: There is no ы ("44B) in font larm1000!
Missing character: There is no м ("43C) in font larm1000!
Missing character: There is no п ("43F) in font larm1000!
Missing character: There is no о ("43E) in font larm1000!
Missing character: There is no з ("437) in font larm1000!
Missing character: There is no и ("438) in font larm1000!
Missing character: There is no ц ("446) in font larm1000!
Missing character: There is no и ("438) in font larm1000!
Missing character: There is no я ("44F) in font larm1000!
Missing character: There is no м ("43C) in font larm1000!
Missing character: There is no С ("421) in font larm1000!
Missing character: There is no П ("41F) in font larm1000!
Missing character: There is no Г ("413) in font larm1000!
Missing character: There is no З ("417) in font larm1000!
Missing character: There is no и ("438) in font larm1000!
Missing character: There is no д ("434) in font larm1000!
Missing character: There is no о ("43E) in font larm1000!
Missing character: There is no р ("440) in font larm1000!
Missing character: There is no а ("430) in font larm1000!
Missing character: There is no б ("431) in font larm1000!
Missing character: There is no о ("43E) in font larm1000!
Missing character: There is no т ("442) in font larm1000!
Missing character: There is no к ("43A) in font larm1000!
Missing character: There is no и ("438) in font larm1000!
Missing character: There is no Е ("415) in font larm1000!
Missing character: There is no А ("410) in font larm1000!
Missing character: There is no И ("418) in font larm1000!
Missing character: There is no С ("421) in font larm1000!
Missing character: There is no Т ("422) in font larm1000!
Missing character: There is no с ("441) in font larm1000!
Missing character: There is no ц ("446) in font larm1000!
Missing character: There is no е ("435) in font larm1000!
Missing character: There is no л ("43B) in font larm1000!
Missing character: There is no ь ("44C) in font larm1000!
Missing character: There is no ю ("44E) in font larm1000!
Missing character: There is no п ("43F) in font larm1000!
Missing character: There is no р ("440) in font larm1000!
Missing character: There is no е ("435) in font larm1000!
Missing character: There is no д ("434) in font larm1000!
Missing character: There is no о ("43E) in font larm1000!
Missing character: There is no с ("441) in font larm1000!
Missing character: There is no т ("442) in font larm1000!
Missing character: There is no а ("430) in font larm1000!
Missing character: There is no в ("432) in font larm1000!
Missing character: There is no л ("43B) in font larm1000!
Missing character: There is no е ("435) in font larm1000!
Missing character: There is no н ("43D) in font larm1000!
Missing character: There is no и ("438) in font larm1000!
Missing character: There is no я ("44F) in font larm1000!
Missing character: There is no з ("437) in font larm1000!
Missing character: There is no а ("430) in font larm1000!
Missing character: There is no к ("43A) in font larm1000!
Missing character: There is no а ("430) in font larm1000!
Missing character: There is no з ("437) in font larm1000!
Missing character: There is no ч ("447) in font larm1000!
Missing character: There is no и ("438) in font larm1000!
Missing character: There is no к ("43A) in font larm1000!
Missing character: There is no а ("430) in font larm1000!
Missing character: There is no м ("43C) in font larm1000!
Missing character: There is no в ("432) in font larm1000!
Missing character: There is no о ("43E) in font larm1000!
Missing character: There is no з ("437) in font larm1000!
Missing character: There is no м ("43C) in font larm1000!
Missing character: There is no о ("43E) in font larm1000!
Missing character: There is no ж ("436) in font larm1000!
Missing character: There is no н ("43D) in font larm1000!
Missing character: There is no о ("43E) in font larm1000!
Missing character: There is no с ("441) in font larm1000!
Missing character: There is no т ("442) in font larm1000!
Missing character: There is no и ("438) in font larm1000!
Missing character: There is no и ("438) in font larm1000!
Missing character: There is no с ("441) in font larm1000!
Missing character: There is no п ("43F) in font larm1000!
Missing character: There is no о ("43E) in font larm1000!
Missing character: There is no л ("43B) in font larm1000!
Missing character: There is no ь ("44C) in font larm1000!
Missing character: There is no з ("437) in font larm1000!
Missing character: There is no о ("43E) in font larm1000!
Missing character: There is no в ("432) in font larm1000!
Missing character: There is no а ("430) in font larm1000!
Missing character: There is no н ("43D) in font larm1000!
Missing character: There is no и ("438) in font larm1000!
Missing character: There is no я ("44F) in font larm1000!
Missing character: There is no в ("432) in font larm1000!
Missing character: There is no о ("43E) in font larm1000!
Missing character: There is no п ("43F) in font larm1000!
Missing character: There is no р ("440) in font larm1000!
Missing character: There is no е ("435) in font larm1000!
Missing character: There is no д ("434) in font larm1000!
Missing character: There is no е ("435) in font larm1000!
Missing character: There is no л ("43B) in font larm1000!
Missing character: There is no ё ("451) in font larm1000!
Missing character: There is no н ("43D) in font larm1000!
Missing character: There is no н ("43D) in font larm1000!
Missing character: There is no ы ("44B) in font larm1000!
Missing character: There is no х ("445) in font larm1000!
Missing character: There is no с ("441) in font larm1000!
Missing character: There is no л ("43B) in font larm1000!
Missing character: There is no у ("443) in font larm1000!
Missing character: There is no ч ("447) in font larm1000!
Missing character: There is no а ("430) in font larm1000!
Missing character: There is no я ("44F) in font larm1000!
Missing character: There is no х ("445) in font larm1000!
Missing character: There is no п ("43F) in font larm1000!
Missing character: There is no о ("43E) in font larm1000!
Missing character: There is no з ("437) in font larm1000!
Missing character: There is no и ("438) in font larm1000!
Missing character: There is no ц ("446) in font larm1000!
Missing character: There is no и ("438) in font larm1000!
Missing character: There is no й ("439) in font larm1000!
Missing character: There is no С ("421) in font larm1000!
Missing character: There is no П ("41F) in font larm1000!
Missing character: There is no Г ("413) in font larm1000!
Missing character: There is no З ("417) in font larm1000!
Missing character: There is no к ("43A) in font larm1000!
Missing character: There is no о ("43E) in font larm1000!
Missing character: There is no т ("442) in font larm1000!
Missing character: There is no о ("43E) in font larm1000!
Missing character: There is no р ("440) in font larm1000!
Missing character: There is no ы ("44B) in font larm1000!
Missing character: There is no е ("435) in font larm1000!
Missing character: There is no с ("441) in font larm1000!
Missing character: There is no т ("442) in font larm1000!
Missing character: There is no а ("430) in font larm1000!
Missing character: There is no л ("43B) in font larm1000!
Missing character: There is no и ("438) in font larm1000!
Missing character: There is no н ("43D) in font larm1000!
Missing character: There is no е ("435) in font larm1000!
Missing character: There is no а ("430) in font larm1000!
Missing character: There is no к ("43A) in font larm1000!
Missing character: There is no т ("442) in font larm1000!
Missing character: There is no у ("443) in font larm1000!
Missing character: There is no а ("430) in font larm1000!
Missing character: There is no л ("43B) in font larm1000!
Missing character: There is no ь ("44C) in font larm1000!
Missing character: There is no н ("43D) in font larm1000!
Missing character: There is no ы ("44B) in font larm1000!
Missing character: There is no м ("43C) in font larm1000!
Missing character: There is no и ("438) in font larm1000!
Missing character: There is no и ("438) in font larm1000!
Missing character: There is no л ("43B) in font larm1000!
Missing character: There is no и ("438) in font larm1000!
Missing character: There is no б ("431) in font larm1000!
Missing character: There is no ы ("44B) in font larm1000!
Missing character: There is no л ("43B) in font larm1000!
Missing character: There is no и ("438) in font larm1000!
Missing character: There is no у ("443) in font larm1000!
Missing character: There is no д ("434) in font larm1000!
Missing character: There is no а ("430) in font larm1000!
Missing character: There is no л ("43B) in font larm1000!
Missing character: There is no е ("435) in font larm1000!
Missing character: There is no н ("43D) in font larm1000!
Missing character: There is no ы ("44B) in font larm1000!
Missing character: There is no с ("441) in font larm1000!
Missing character: There is no м ("43C) in font larm1000!
Missing character: There is no о ("43E) in font larm1000!
Missing character: There is no м ("43C) in font larm1000!
Missing character: There is no е ("435) in font larm1000!
Missing character: There is no н ("43D) in font larm1000!
Missing character: There is no т ("442) in font larm1000!
Missing character: There is no а ("430) in font larm1000!
Missing character: There is no ф ("444) in font larm1000!
Missing character: There is no о ("43E) in font larm1000!
Missing character: There is no р ("440) in font larm1000!
Missing character: There is no м ("43C) in font larm1000!
Missing character: There is no и ("438) in font larm1000!
Missing character: There is no р ("440) in font larm1000!
Missing character: There is no о ("43E) in font larm1000!
Missing character: There is no в ("432) in font larm1000!
Missing character: There is no а ("430) in font larm1000!
Missing character: There is no н ("43D) in font larm1000!
Missing character: There is no и ("438) in font larm1000!
Missing character: There is no я ("44F) in font larm1000!
Missing character: There is no л ("43B) in font larm1000!
Missing character: There is no о ("43E) in font larm1000!
Missing character: There is no т ("442) in font larm1000!
Missing character: There is no а ("430) in font larm1000!
Missing character: There is no и ("438) in font larm1000!
Missing character: There is no д ("434) in font larm1000!
Missing character: There is no о ("43E) in font larm1000!
Missing character: There is no м ("43C) in font larm1000!
Missing character: There is no о ("43E) in font larm1000!
Missing character: There is no м ("43C) in font larm1000!
Missing character: There is no е ("435) in font larm1000!
Missing character: There is no н ("43D) in font larm1000!
Missing character: There is no т ("442) in font larm1000!
Missing character: There is no а ("430) in font larm1000!
Missing character: There is no п ("43F) in font larm1000!
Missing character: There is no у ("443) in font larm1000!
Missing character: There is no б ("431) in font larm1000!
Missing character: There is no л ("43B) in font larm1000!
Missing character: There is no и ("438) in font larm1000!
Missing character: There is no к ("43A) in font larm1000!
Missing character: There is no а ("430) in font larm1000!
Missing character: There is no ц ("446) in font larm1000!
Missing character: There is no и ("438) in font larm1000!
Missing character: There is no и ("438) in font larm1000!
Missing character: There is no и ("438) in font larm1000!
Missing character: There is no з ("437) in font larm1000!
Missing character: There is no в ("432) in font larm1000!
Missing character: There is no е ("435) in font larm1000!
Missing character: There is no щ ("449) in font larm1000!
Missing character: There is no е ("435) in font larm1000!
Missing character: There is no н ("43D) in font larm1000!
Missing character: There is no и ("438) in font larm1000!
Missing character: There is no я ("44F) in font larm1000!
Missing character: There is no Р ("420) in font larm1000!
Missing character: There is no а ("430) in font larm1000!
Missing character: There is no с ("441) in font larm1000!
Missing character: There is no ш ("448) in font larm1000!
Missing character: There is no и ("438) in font larm1000!
Missing character: There is no р ("440) in font larm1000!
Missing character: There is no е ("435) in font larm1000!
Missing character: There is no н ("43D) in font larm1000!
Missing character: There is no и ("438) in font larm1000!
Missing character: There is no е ("435) in font larm1000!
Missing character: There is no с ("441) in font larm1000!
Missing character: There is no т ("442) in font larm1000!
Missing character: There is no а ("430) in font larm1000!
Missing character: There is no н ("43D) in font larm1000!
Missing character: There is no д ("434) in font larm1000!
Missing character: There is no а ("430) in font larm1000!
Missing character: There is no р ("440) in font larm1000!
Missing character: There is no т ("442) in font larm1000!
Missing character: There is no и ("438) in font larm1000!
Missing character: There is no з ("437) in font larm1000!
Missing character: There is no а ("430) in font larm1000!
Missing character: There is no ц ("446) in font larm1000!
Missing character: There is no и ("438) in font larm1000!
Missing character: There is no и ("438) in font larm1000!
Missing character: There is no и ("438) in font larm1000!
Missing character: There is no н ("43D) in font larm1000!
Missing character: There is no а ("430) in font larm1000!
Missing character: There is no с ("441) in font larm1000!
Missing character: There is no л ("43B) in font larm1000!
Missing character: There is no е ("435) in font larm1000!
Missing character: There is no д ("434) in font larm1000!
Missing character: There is no о ("43E) in font larm1000!
Missing character: There is no в ("432) in font larm1000!
Missing character: There is no а ("430) in font larm1000!
Missing character: There is no н ("43D) in font larm1000!
Missing character: There is no и ("438) in font larm1000!
Missing character: There is no е ("435) in font larm1000!
Missing character: There is no К ("41A) in font larm1000!
Missing character: There is no П ("41F) in font larm1000!
Missing character: There is no Г ("413) in font larm1000!
Missing character: There is no З ("417) in font larm1000!
Missing character: There is no П ("41F) in font larm1000!
Missing character: There is no о ("43E) in font larm1000!
Missing character: There is no д ("434) in font larm1000!
Missing character: There is no г ("433) in font larm1000!
Missing character: There is no о ("43E) in font larm1000!
Missing character: There is no т ("442) in font larm1000!
Missing character: There is no о ("43E) in font larm1000!
Missing character: There is no в ("432) in font larm1000!
Missing character: There is no и ("438) in font larm1000!
Missing character: There is no т ("442) in font larm1000!
Missing character: There is no ь ("44C) in font larm1000!
Missing character: There is no а ("430) in font larm1000!
Missing character: There is no н ("43D) in font larm1000!
Missing character: There is no а ("430) in font larm1000!
Missing character: There is no л ("43B) in font larm1000!
Missing character: There is no и ("438) in font larm1000!
Missing character: There is no т ("442) in font larm1000!
Missing character: There is no и ("438) in font larm1000!
Missing character: There is no к ("43A) in font larm1000!
Missing character: There is no у ("443) in font larm1000!
Missing character: There is no с ("441) in font larm1000!
Missing character: There is no т ("442) in font larm1000!
Missing character: There is no а ("430) in font larm1000!
Missing character: There is no т ("442) in font larm1000!
Missing character: There is no и ("438) in font larm1000!
Missing character: There is no с ("441) in font larm1000!
Missing character: There is no т ("442) in font larm1000!
Missing character: There is no и ("438) in font larm1000!
Missing character: There is no к ("43A) in font larm1000!
Missing character: There is no у ("443) in font larm1000!
Missing character: There is no и ("438) in font larm1000!
Missing character: There is no з ("437) in font larm1000!
Missing character: There is no м ("43C) in font larm1000!
Missing character: There is no е ("435) in font larm1000!
Missing character: There is no н ("43D) in font larm1000!
Missing character: There is no е ("435) in font larm1000!
Missing character: There is no н ("43D) in font larm1000!
Missing character: There is no и ("438) in font larm1000!
Missing character: There is no й ("439) in font larm1000!
Missing character: There is no К ("41A) in font larm1000!
Missing character: There is no П ("41F) in font larm1000!
Missing character: There is no Г ("413) in font larm1000!
Missing character: There is no З ("417) in font larm1000!
Missing character: There is no С ("421) in font larm1000!
Missing character: There is no П ("41F) in font larm1000!
Missing character: There is no Г ("413) in font larm1000!
Missing character: There is no З ("417) in font larm1000!
Missing character: There is no в ("432) in font larm1000!
Missing character: There is no г ("433) in font larm1000!
Missing character: There is no о ("43E) in font larm1000!
Missing character: There is no д ("434) in font larm1000!
Missing character: There is no у ("443) in font larm1000!
Missing character: There is no в ("432) in font larm1000!
Missing character: There is no р ("440) in font larm1000!
Missing character: There is no а ("430) in font larm1000!
Missing character: There is no з ("437) in font larm1000!
Missing character: There is no р ("440) in font larm1000!
Missing character: There is no е ("435) in font larm1000!
Missing character: There is no з ("437) in font larm1000!
Missing character: There is no е ("435) in font larm1000!
Missing character: There is no о ("43E) in font larm1000!
Missing character: There is no с ("441) in font larm1000!
Missing character: There is no н ("43D) in font larm1000!
Missing character: There is no о ("43E) in font larm1000!
Missing character: There is no в ("432) in font larm1000!
Missing character: There is no а ("430) in font larm1000!
Missing character: There is no н ("43D) in font larm1000!
Missing character: There is no и ("438) in font larm1000!
Missing character: There is no й ("439) in font larm1000!
Missing character: There is no С ("421) in font larm1000!
Missing character: There is no о ("43E) in font larm1000!
Missing character: There is no г ("433) in font larm1000!
Missing character: There is no л ("43B) in font larm1000!
Missing character: There is no а ("430) in font larm1000!
Missing character: There is no с ("441) in font larm1000!
Missing character: There is no о ("43E) in font larm1000!
Missing character: There is no в ("432) in font larm1000!
Missing character: There is no а ("430) in font larm1000!
Missing character: There is no т ("442) in font larm1000!
Missing character: There is no ь ("44C) in font larm1000!
Missing character: There is no Ф ("424) in font larm1000!
Missing character: There is no Т ("422) in font larm1000!
Missing character: There is no н ("43D) in font larm1000!
Missing character: There is no а ("430) in font larm1000!
Missing character: There is no Р ("420) in font larm1000!
Missing character: There is no е ("435) in font larm1000!
Missing character: There is no а ("430) in font larm1000!
Missing character: There is no л ("43B) in font larm1000!
Missing character: There is no и ("438) in font larm1000!
Missing character: There is no з ("437) in font larm1000!
Missing character: There is no а ("430) in font larm1000!
Missing character: There is no ц ("446) in font larm1000!
Missing character: There is no и ("438) in font larm1000!
Missing character: There is no ю ("44E) in font larm1000!
Missing character: There is no и ("438) in font larm1000!
Missing character: There is no с ("441) in font larm1000!
Missing character: There is no п ("43F) in font larm1000!
Missing character: There is no о ("43E) in font larm1000!
Missing character: There is no л ("43B) in font larm1000!
Missing character: There is no ь ("44C) in font larm1000!
Missing character: There is no з ("437) in font larm1000!
Missing character: There is no о ("43E) in font larm1000!
Missing character: There is no в ("432) in font larm1000!
Missing character: There is no а ("430) in font larm1000!
Missing character: There is no н ("43D) in font larm1000!
Missing character: There is no и ("438) in font larm1000!
Missing character: There is no я ("44F) in font larm1000!
Missing character: There is no а ("430) in font larm1000!
Missing character: There is no р ("440) in font larm1000!
Missing character: There is no х ("445) in font larm1000!
Missing character: There is no и ("438) in font larm1000!
Missing character: There is no в ("432) in font larm1000!
Missing character: There is no н ("43D) in font larm1000!
Missing character: There is no ы ("44B) in font larm1000!
Missing character: There is no х ("445) in font larm1000!
Missing character: There is no К ("41A) in font larm1000!
Missing character: There is no П ("41F) in font larm1000!
Missing character: There is no Г ("413) in font larm1000!
Missing character: There is no З ("417) in font larm1000!
Missing character: There is no и ("438) in font larm1000!
Missing character: There is no С ("421) in font larm1000!
Missing character: There is no П ("41F) in font larm1000!
Missing character: There is no Г ("413) in font larm1000!
Missing character: There is no З ("417) in font larm1000!
Missing character: There is no з ("437) in font larm1000!
Missing character: There is no а ("430) in font larm1000!
Missing character: There is no п ("43F) in font larm1000!
Missing character: There is no р ("440) in font larm1000!
Missing character: There is no о ("43E) in font larm1000!
Missing character: There is no с ("441) in font larm1000!
Missing character: There is no о ("43E) in font larm1000!
Missing character: There is no т ("442) in font larm1000!
Missing character: There is no Г ("413) in font larm1000!
Missing character: There is no Р ("420) in font larm1000!
Missing character: There is no Б ("411) in font larm1000!
Missing character: There is no С ("421) in font larm1000!
Missing character: There is no О ("41E) in font larm1000!
Missing character: There is no б ("431) in font larm1000!
Missing character: There is no с ("441) in font larm1000!
Missing character: There is no у ("443) in font larm1000!
Missing character: There is no ж ("436) in font larm1000!
Missing character: There is no д ("434) in font larm1000!
Missing character: There is no е ("435) in font larm1000!
Missing character: There is no н ("43D) in font larm1000!
Missing character: There is no и ("438) in font larm1000!
Missing character: There is no е ("435) in font larm1000!
Missing character: There is no п ("43F) in font larm1000!
Missing character: There is no р ("440) in font larm1000!
Missing character: There is no и ("438) in font larm1000!
Missing character: There is no в ("432) in font larm1000!
Missing character: There is no я ("44F) in font larm1000!
Missing character: There is no з ("437) in font larm1000!
Missing character: There is no к ("43A) in font larm1000!
Missing character: There is no и ("438) in font larm1000!
Missing character: There is no С ("421) in font larm1000!
Missing character: There is no Т ("422) in font larm1000!
Missing character: There is no З ("417) in font larm1000!
Missing character: There is no к ("43A) in font larm1000!
Missing character: There is no н ("43D) in font larm1000!
Missing character: There is no е ("435) in font larm1000!
Missing character: There is no с ("441) in font larm1000!
Missing character: There is no т ("442) in font larm1000!
Missing character: There is no а ("430) in font larm1000!
Missing character: There is no н ("43D) in font larm1000!
Missing character: There is no д ("434) in font larm1000!
Missing character: There is no а ("430) in font larm1000!
Missing character: There is no р ("440) in font larm1000!
Missing character: There is no т ("442) in font larm1000!
Missing character: There is no и ("438) in font larm1000!
Missing character: There is no з ("437) in font larm1000!
Missing character: There is no и ("438) in font larm1000!
Missing character: There is no р ("440) in font larm1000!
Missing character: There is no о ("43E) in font larm1000!
Missing character: There is no в ("432) in font larm1000!
Missing character: There is no а ("430) in font larm1000!
Missing character: There is no н ("43D) in font larm1000!
Missing character: There is no н ("43D) in font larm1000!
Missing character: There is no ы ("44B) in font larm1000!
Missing character: There is no м ("43C) in font larm1000!
Missing character: There is no п ("43F) in font larm1000!
Missing character: There is no о ("43E) in font larm1000!
Missing character: There is no з ("437) in font larm1000!
Missing character: There is no и ("438) in font larm1000!
Missing character: There is no ц ("446) in font larm1000!
Missing character: There is no и ("438) in font larm1000!
Missing character: There is no я ("44F) in font larm1000!
Missing character: There is no м ("43C) in font larm1000!
Missing character: There is no С ("421) in font larm1000!
Missing character: There is no П ("41F) in font larm1000!
Missing character: There is no Г ("413) in font larm1000!
Missing character: There is no З ("417) in font larm1000!
Missing character: There is no и ("438) in font larm1000!
Missing character: There is no д ("434) in font larm1000!
Missing character: There is no о ("43E) in font larm1000!
Missing character: There is no р ("440) in font larm1000!
Missing character: There is no а ("430) in font larm1000!
Missing character: There is no б ("431) in font larm1000!
Missing character: There is no о ("43E) in font larm1000!
Missing character: There is no т ("442) in font larm1000!
Missing character: There is no к ("43A) in font larm1000!
Missing character: There is no и ("438) in font larm1000!
Missing character: There is no Е ("415) in font larm1000!
Missing character: There is no А ("410) in font larm1000!
Missing character: There is no И ("418) in font larm1000!
Missing character: There is no С ("421) in font larm1000!
Missing character: There is no Т ("422) in font larm1000!
Missing character: There is no с ("441) in font larm1000!
Missing character: There is no ц ("446) in font larm1000!
Missing character: There is no е ("435) in font larm1000!
Missing character: There is no л ("43B) in font larm1000!
Missing character: There is no ь ("44C) in font larm1000!
Missing character: There is no ю ("44E) in font larm1000!
Missing character: There is no п ("43F) in font larm1000!
Missing character: There is no р ("440) in font larm1000!
Missing character: There is no е ("435) in font larm1000!
Missing character: There is no д ("434) in font larm1000!
Missing character: There is no о ("43E) in font larm1000!
Missing character: There is no с ("441) in font larm1000!
Missing character: There is no т ("442) in font larm1000!
Missing character: There is no а ("430) in font larm1000!
Missing character: There is no в ("432) in font larm1000!
Missing character: There is no л ("43B) in font larm1000!
Missing character: There is no е ("435) in font larm1000!
Missing character: There is no н ("43D) in font larm1000!
Missing character: There is no и ("438) in font larm1000!
Missing character: There is no я ("44F) in font larm1000!
Missing character: There is no з ("437) in font larm1000!
Missing character: There is no а ("430) in font larm1000!
Missing character: There is no к ("43A) in font larm1000!
Missing character: There is no а ("430) in font larm1000!
Missing character: There is no з ("437) in font larm1000!
Missing character: There is no ч ("447) in font larm1000!
Missing character: There is no и ("438) in font larm1000!
Missing character: There is no к ("43A) in font larm1000!
Missing character: There is no а ("430) in font larm1000!
Missing character: There is no м ("43C) in font larm1000!
Missing character: There is no в ("432) in font larm1000!
Missing character: There is no о ("43E) in font larm1000!
Missing character: There is no з ("437) in font larm1000!
Missing character: There is no м ("43C) in font larm1000!
Missing character: There is no о ("43E) in font larm1000!
Missing character: There is no ж ("436) in font larm1000!
Missing character: There is no н ("43D) in font larm1000!
Missing character: There is no о ("43E) in font larm1000!
Missing character: There is no с ("441) in font larm1000!
Missing character: There is no т ("442) in font larm1000!
Missing character: There is no и ("438) in font larm1000!
Missing character: There is no и ("438) in font larm1000!
Missing character: There is no с ("441) in font larm1000!
Missing character: There is no п ("43F) in font larm1000!
Missing character: There is no о ("43E) in font larm1000!
Missing character: There is no л ("43B) in font larm1000!
Missing character: There is no ь ("44C) in font larm1000!
Missing character: There is no з ("437) in font larm1000!
Missing character: There is no о ("43E) in font larm1000!
Missing character: There is no в ("432) in font larm1000!
Missing character: There is no а ("430) in font larm1000!
Missing character: There is no н ("43D) in font larm1000!
Missing character: There is no и ("438) in font larm1000!
Missing character: There is no я ("44F) in font larm1000!
Missing character: There is no в ("432) in font larm1000!
Missing character: There is no о ("43E) in font larm1000!
Missing character: There is no п ("43F) in font larm1000!
Missing character: There is no р ("440) in font larm1000!
Missing character: There is no е ("435) in font larm1000!
Missing character: There is no д ("434) in font larm1000!
Missing character: There is no е ("435) in font larm1000!
Missing character: There is no л ("43B) in font larm1000!
Missing character: There is no ё ("451) in font larm1000!
Missing character: There is no н ("43D) in font larm1000!
Missing character: There is no н ("43D) in font larm1000!
Missing character: There is no ы ("44B) in font larm1000!
Missing character: There is no х ("445) in font larm1000!
Missing character: There is no с ("441) in font larm1000!
Missing character: There is no л ("43B) in font larm1000!
Missing character: There is no у ("443) in font larm1000!
Missing character: There is no ч ("447) in font larm1000!
Missing character: There is no а ("430) in font larm1000!
Missing character: There is no я ("44F) in font larm1000!
Missing character: There is no х ("445) in font larm1000!
Missing character: There is no п ("43F) in font larm1000!
Missing character: There is no о ("43E) in font larm1000!
Missing character: There is no з ("437) in font larm1000!
Missing character: There is no и ("438) in font larm1000!
Missing character: There is no ц ("446) in font larm1000!
Missing character: There is no и ("438) in font larm1000!
Missing character: There is no й ("439) in font larm1000!
Missing character: There is no С ("421) in font larm1000!
Missing character: There is no П ("41F) in font larm1000!
Missing character: There is no Г ("413) in font larm1000!
Missing character: There is no З ("417) in font larm1000!
Missing character: There is no к ("43A) in font larm1000!
Missing character: There is no о ("43E) in font larm1000!
Missing character: There is no т ("442) in font larm1000!
Missing character: There is no о ("43E) in font larm1000!
Missing character: There is no р ("440) in font larm1000!
Missing character: There is no ы ("44B) in font larm1000!
Missing character: There is no е ("435) in font larm1000!
Missing character: There is no с ("441) in font larm1000!
Missing character: There is no т ("442) in font larm1000!
Missing character: There is no а ("430) in font larm1000!
Missing character: There is no л ("43B) in font larm1000!
Missing character: There is no и ("438) in font larm1000!
Missing character: There is no н ("43D) in font larm1000!
Missing character: There is no е ("435) in font larm1000!
Missing character: There is no а ("430) in font larm1000!
Missing character: There is no к ("43A) in font larm1000!
Missing character: There is no т ("442) in font larm1000!
Missing character: There is no у ("443) in font larm1000!
Missing character: There is no а ("430) in font larm1000!
Missing character: There is no л ("43B) in font larm1000!
Missing character: There is no ь ("44C) in font larm1000!
Missing character: There is no н ("43D) in font larm1000!
Missing character: There is no ы ("44B) in font larm1000!
Missing character: There is no м ("43C) in font larm1000!
Missing character: There is no и ("438) in font larm1000!
Missing character: There is no и ("438) in font larm1000!
Missing character: There is no л ("43B) in font larm1000!
Missing character: There is no и ("438) in font larm1000!
Missing character: There is no б ("431) in font larm1000!
Missing character: There is no ы ("44B) in font larm1000!
Missing character: There is no л ("43B) in font larm1000!
Missing character: There is no и ("438) in font larm1000!
Missing character: There is no у ("443) in font larm1000!
Missing character: There is no д ("434) in font larm1000!
Missing character: There is no а ("430) in font larm1000!
Missing character: There is no л ("43B) in font larm1000!
Missing character: There is no е ("435) in font larm1000!
Missing character: There is no н ("43D) in font larm1000!
Missing character: There is no ы ("44B) in font larm1000!
Missing character: There is no с ("441) in font larm1000!
Missing character: There is no м ("43C) in font larm1000!
Missing character: There is no о ("43E) in font larm1000!
Missing character: There is no м ("43C) in font larm1000!
Missing character: There is no е ("435) in font larm1000!
Missing character: There is no н ("43D) in font larm1000!
Missing character: There is no т ("442) in font larm1000!
Missing character: There is no а ("430) in font larm1000!
Missing character: There is no ф ("444) in font larm1000!
Missing character: There is no о ("43E) in font larm1000!
Missing character: There is no р ("440) in font larm1000!
Missing character: There is no м ("43C) in font larm1000!
Missing character: There is no и ("438) in font larm1000!
Missing character: There is no р ("440) in font larm1000!
Missing character: There is no о ("43E) in font larm1000!
Missing character: There is no в ("432) in font larm1000!
Missing character: There is no а ("430) in font larm1000!
Missing character: There is no н ("43D) in font larm1000!
Missing character: There is no и ("438) in font larm1000!
Missing character: There is no я ("44F) in font larm1000!
Missing character: There is no л ("43B) in font larm1000!
Missing character: There is no о ("43E) in font larm1000!
Missing character: There is no т ("442) in font larm1000!
Missing character: There is no а ("430) in font larm1000!
Missing character: There is no и ("438) in font larm1000!
Missing character: There is no д ("434) in font larm1000!
Missing character: There is no о ("43E) in font larm1000!
Missing character: There is no м ("43C) in font larm1000!
Missing character: There is no о ("43E) in font larm1000!
Missing character: There is no м ("43C) in font larm1000!
Missing character: There is no е ("435) in font larm1000!
Missing character: There is no н ("43D) in font larm1000!
Missing character: There is no т ("442) in font larm1000!
Missing character: There is no а ("430) in font larm1000!
Missing character: There is no п ("43F) in font larm1000!
Missing character: There is no у ("443) in font larm1000!
Missing character: There is no б ("431) in font larm1000!
Missing character: There is no л ("43B) in font larm1000!
Missing character: There is no и ("438) in font larm1000!
Missing character: There is no к ("43A) in font larm1000!
Missing character: There is no а ("430) in font larm1000!
Missing character: There is no ц ("446) in font larm1000!
Missing character: There is no и ("438) in font larm1000!
Missing character: There is no и ("438) in font larm1000!
Missing character: There is no и ("438) in font larm1000!
Missing character: There is no з ("437) in font larm1000!
Missing character: There is no в ("432) in font larm1000!
Missing character: There is no е ("435) in font larm1000!
Missing character: There is no щ ("449) in font larm1000!
Missing character: There is no е ("435) in font larm1000!
Missing character: There is no н ("43D) in font larm1000!
Missing character: There is no и ("438) in font larm1000!
Missing character: There is no я ("44F) in font larm1000!
Missing character: There is no Р ("420) in font larm1000!
Missing character: There is no а ("430) in font larm1000!
Missing character: There is no с ("441) in font larm1000!
Missing character: There is no ш ("448) in font larm1000!
Missing character: There is no и ("438) in font larm1000!
Missing character: There is no р ("440) in font larm1000!
Missing character: There is no е ("435) in font larm1000!
Missing character: There is no н ("43D) in font larm1000!
Missing character: There is no и ("438) in font larm1000!
Missing character: There is no е ("435) in font larm1000!
Missing character: There is no с ("441) in font larm1000!
Missing character: There is no т ("442) in font larm1000!
Missing character: There is no а ("430) in font larm1000!
Missing character: There is no н ("43D) in font larm1000!
Missing character: There is no д ("434) in font larm1000!
Missing character: There is no а ("430) in font larm1000!
Missing character: There is no р ("440) in font larm1000!
Missing character: There is no т ("442) in font larm1000!
Missing character: There is no и ("438) in font larm1000!
Missing character: There is no з ("437) in font larm1000!
Missing character: There is no а ("430) in font larm1000!
Missing character: There is no ц ("446) in font larm1000!
Missing character: There is no и ("438) in font larm1000!
Missing character: There is no и ("438) in font larm1000!
Missing character: There is no и ("438) in font larm1000!
Missing character: There is no н ("43D) in font larm1000!
Missing character: There is no а ("430) in font larm1000!
Missing character: There is no с ("441) in font larm1000!
Missing character: There is no л ("43B) in font larm1000!
Missing character: There is no е ("435) in font larm1000!
Missing character: There is no д ("434) in font larm1000!
Missing character: There is no о ("43E) in font larm1000!
Missing character: There is no в ("432) in font larm1000!
Missing character: There is no а ("430) in font larm1000!
Missing character: There is no н ("43D) in font larm1000!
Missing character: There is no и ("438) in font larm1000!
Missing character: There is no е ("435) in font larm1000!
Missing character: There is no К ("41A) in font larm1000!
Missing character: There is no П ("41F) in font larm1000!
Missing character: There is no Г ("413) in font larm1000!
Missing character: There is no З ("417) in font larm1000!
Missing character: There is no М ("41C) in font larm1000!
Missing character: There is no а ("430) in font larm1000!
Missing character: There is no т ("442) in font larm1000!
Missing character: There is no р ("440) in font larm1000!
Missing character: There is no и ("438) in font larm1000!
Missing character: There is no ц ("446) in font larm1000!
Missing character: There is no а ("430) in font larm1000!
Missing character: There is no и ("438) in font larm1000!
Missing character: There is no з ("437) in font larm1000!
Missing character: There is no м ("43C) in font larm1000!
Missing character: There is no е ("435) in font larm1000!
Missing character: There is no н ("43D) in font larm1000!
Missing character: There is no е ("435) in font larm1000!
Missing character: There is no н ("43D) in font larm1000!
Missing character: There is no и ("438) in font larm1000!
Missing character: There is no й ("439) in font larm1000!
Missing character: There is no С ("421) in font larm1000!
Missing character: There is no ф ("444) in font larm1000!
Missing character: There is no о ("43E) in font larm1000!
Missing character: There is no р ("440) in font larm1000!
Missing character: There is no м ("43C) in font larm1000!
Missing character: There is no и ("438) in font larm1000!
Missing character: There is no р ("440) in font larm1000!
Missing character: There is no о ("43E) in font larm1000!
Missing character: There is no в ("432) in font larm1000!
Missing character: There is no а ("430) in font larm1000!
Missing character: There is no т ("442) in font larm1000!
Missing character: There is no ь ("44C) in font larm1000!
Missing character: There is no т ("442) in font larm1000!
Missing character: There is no а ("430) in font larm1000!
Missing character: There is no б ("431) in font larm1000!
Missing character: There is no л ("43B) in font larm1000!
Missing character: There is no и ("438) in font larm1000!
Missing character: There is no ц ("446) in font larm1000!
Missing character: There is no у ("443) in font larm1000!
Missing character: There is no и ("438) in font larm1000!
Missing character: There is no з ("437) in font larm1000!
Missing character: There is no м ("43C) in font larm1000!
Missing character: There is no е ("435) in font larm1000!
Missing character: There is no н ("43D) in font larm1000!
Missing character: There is no е ("435) in font larm1000!
Missing character: There is no н ("43D) in font larm1000!
Missing character: There is no и ("438) in font larm1000!
Missing character: There is no й ("439) in font larm1000!
Missing character: There is no С ("421) in font larm1000!
Missing character: There is no П ("41F) in font larm1000!
Missing character: There is no Г ("413) in font larm1000!
Missing character: There is no З ("417) in font larm1000!
Missing character: There is no п ("43F) in font larm1000!
Missing character: There is no о ("43E) in font larm1000!
Missing character: There is no с ("441) in font larm1000!
Missing character: There is no л ("43B) in font larm1000!
Missing character: There is no е ("435) in font larm1000!
Missing character: There is no к ("43A) in font larm1000!
Missing character: There is no о ("43E) in font larm1000!
Missing character: There is no т ("442) in font larm1000!
Missing character: There is no о ("43E) in font larm1000!
Missing character: There is no р ("440) in font larm1000!
Missing character: There is no ы ("44B) in font larm1000!
Missing character: There is no х ("445) in font larm1000!
Missing character: There is no т ("442) in font larm1000!
Missing character: There is no р ("440) in font larm1000!
Missing character: There is no е ("435) in font larm1000!
Missing character: There is no б ("431) in font larm1000!
Missing character: There is no у ("443) in font larm1000!
Missing character: There is no е ("435) in font larm1000!
Missing character: There is no т ("442) in font larm1000!
Missing character: There is no с ("441) in font larm1000!
Missing character: There is no я ("44F) in font larm1000!
Missing character: There is no а ("430) in font larm1000!
Missing character: There is no к ("43A) in font larm1000!
Missing character: There is no т ("442) in font larm1000!
Missing character: There is no у ("443) in font larm1000!
Missing character: There is no а ("430) in font larm1000!
Missing character: There is no л ("43B) in font larm1000!
Missing character: There is no и ("438) in font larm1000!
Missing character: There is no з ("437) in font larm1000!
Missing character: There is no а ("430) in font larm1000!
Missing character: There is no ц ("446) in font larm1000!
Missing character: There is no и ("438) in font larm1000!
Missing character: There is no я ("44F) in font larm1000!
Missing character: There is no л ("43B) in font larm1000!
Missing character: There is no о ("43E) in font larm1000!
Missing character: There is no т ("442) in font larm1000!
Missing character: There is no а ("430) in font larm1000!

Overfull \hbox (1.55843pt too wide) in paragraph at lines 275--276
[]\T2A/lmtt/bx/n/10 N  
 []


Overfull \hbox (14.19884pt too wide) in paragraph at lines 279--280
[]\T2A/lmtt/bx/n/10 Timeline  
 []


Overfull \hbox (21.7792pt too wide) in paragraph at lines 292--292
[]|\T2A/lmtt/bx/n/10 18.12.2025|  
 []


Overfull \hbox (21.7792pt too wide) in paragraph at lines 295--295
[]|\T2A/lmtt/bx/n/10 19.12.2025|  
 []


Overfull \hbox (21.7792pt too wide) in paragraph at lines 296--296
[]|\T2A/lmtt/bx/n/10 21.12.2025|  
 []


Overfull \hbox (21.7792pt too wide) in paragraph at lines 300--300
[]|\T2A/lmtt/bx/n/10 22.12.2025|  
 []


Overfull \hbox (21.7792pt too wide) in paragraph at lines 302--302
[]|\T2A/lmtt/bx/n/10 24.12.2025|  
 []

Missing character: There is no М ("41C) in font larm1000!
Missing character: There is no а ("430) in font larm1000!
Missing character: There is no т ("442) in font larm1000!
Missing character: There is no р ("440) in font larm1000!
Missing character: There is no и ("438) in font larm1000!
Missing character: There is no ц ("446) in font larm1000!
Missing character: There is no а ("430) in font larm1000!
Missing character: There is no и ("438) in font larm1000!
Missing character: There is no з ("437) in font larm1000!
Missing character: There is no м ("43C) in font larm1000!
Missing character: There is no е ("435) in font larm1000!
Missing character: There is no н ("43D) in font larm1000!
Missing character: There is no е ("435) in font larm1000!
Missing character: There is no н ("43D) in font larm1000!
Missing character: There is no и ("438) in font larm1000!
Missing character: There is no й ("439) in font larm1000!
Missing character: There is no С ("421) in font larm1000!
Missing character: There is no ф ("444) in font larm1000!
Missing character: There is no о ("43E) in font larm1000!
Missing character: There is no р ("440) in font larm1000!
Missing character: There is no м ("43C) in font larm1000!
Missing character: There is no и ("438) in font larm1000!
Missing character: There is no р ("440) in font larm1000!
Missing character: There is no о ("43E) in font larm1000!
Missing character: There is no в ("432) in font larm1000!
Missing character: There is no а ("430) in font larm1000!
Missing character: There is no т ("442) in font larm1000!
Missing character: There is no ь ("44C) in font larm1000!
Missing character: There is no т ("442) in font larm1000!
Missing character: There is no а ("430) in font larm1000!
Missing character: There is no б ("431) in font larm1000!
Missing character: There is no л ("43B) in font larm1000!
Missing character: There is no и ("438) in font larm1000!
Missing character: There is no ц ("446) in font larm1000!
Missing character: There is no у ("443) in font larm1000!
Missing character: There is no и ("438) in font larm1000!
Missing character: There is no з ("437) in font larm1000!
Missing character: There is no м ("43C) in font larm1000!
Missing character: There is no е ("435) in font larm1000!
Missing character: There is no н ("43D) in font larm1000!
Missing character: There is no е ("435) in font larm1000!
Missing character: There is no н ("43D) in font larm1000!
Missing character: There is no и ("438) in font larm1000!
Missing character: There is no й ("439) in font larm1000!
Missing character: There is no С ("421) in font larm1000!
Missing character: There is no П ("41F) in font larm1000!
Missing character: There is no Г ("413) in font larm1000!
Missing character: There is no З ("417) in font larm1000!
Missing character: There is no п ("43F) in font larm1000!
Missing character: There is no о ("43E) in font larm1000!
Missing character: There is no с ("441) in font larm1000!
Missing character: There is no л ("43B) in font larm1000!
Missing character: There is no е ("435) in font larm1000!
Missing character: There is no к ("43A) in font larm1000!
Missing character: There is no о ("43E) in font larm1000!
Missing character: There is no т ("442) in font larm1000!
Missing character: There is no о ("43E) in font larm1000!
Missing character: There is no р ("440) in font larm1000!
Missing character: There is no ы ("44B) in font larm1000!
Missing character: There is no х ("445) in font larm1000!
Missing character: There is no т ("442) in font larm1000!
Missing character: There is no р ("440) in font larm1000!
Missing character: There is no е ("435) in font larm1000!
Missing character: There is no б ("431) in font larm1000!
Missing character: There is no у ("443) in font larm1000!
Missing character: There is no е ("435) in font larm1000!
Missing character: There is no т ("442) in font larm1000!
Missing character: There is no с ("441) in font larm1000!
Missing character: There is no я ("44F) in font larm1000!
Missing character: There is no а ("430) in font larm1000!
Missing character: There is no к ("43A) in font larm1000!
Missing character: There is no т ("442) in font larm1000!
Missing character: There is no у ("443) in font larm1000!
Missing character: There is no а ("430) in font larm1000!
Missing character: There is no л ("43B) in font larm1000!
Missing character: There is no и ("438) in font larm1000!
Missing character: There is no з ("437) in font larm1000!
Missing character: There is no а ("430) in font larm1000!
Missing character: There is no ц ("446) in font larm1000!
Missing character: There is no и ("438) in font larm1000!
Missing character: There is no я ("44F) in font larm1000!
Missing character: There is no л ("43B) in font larm1000!
Missing character: There is no о ("43E) in font larm1000!
Missing character: There is no т ("442) in font larm1000!
Missing character: There is no а ("430) in font larm1000!

Overfull \hbox (21.7792pt too wide) in paragraph at lines 309--309
[]|\T2A/lmtt/bx/n/10 25.12.2025|  
 []


Overfull \hbox (21.7792pt too wide) in paragraph at lines 311--311
[]|\T2A/lmtt/bx/n/10 27.12.2025|  
 []

[4] [5]
Overfull \hbox (20.46194pt too wide) in paragraph at lines 354--356
\T2A/lmtt/bx/n/10 Data was col-lected from sev-eral Cat-a-log database ta-bles 
us-ing the SQL query ``spgz_kpgz_relations_packages.sql''. 
 []

[6] [7]
Overfull \hbox (1.93535pt too wide) in paragraph at lines 552--552
[]\T2A/lmtt/bx/n/10 ##    TOTAL_ROWS ID_ENTITY_SPGZ_EAIST ID_SPGZ_EAIST ID_ENTI
TY_SPGZ_KATALOG[] 
 []

[8]
Missing character: There is no С ("421) in font larm1000!
Missing character: There is no т ("442) in font larm1000!
Missing character: There is no а ("430) in font larm1000!
Missing character: There is no н ("43D) in font larm1000!
Missing character: There is no о ("43E) in font larm1000!
Missing character: There is no к ("43A) in font larm1000!
Missing character: There is no в ("432) in font larm1000!
Missing character: There is no ы ("44B) in font larm1000!
Missing character: There is no с ("441) in font larm1000!
Missing character: There is no о ("43E) in font larm1000!
Missing character: There is no к ("43A) in font larm1000!
Missing character: There is no о ("43E) in font larm1000!
Missing character: There is no ч ("447) in font larm1000!
Missing character: There is no а ("430) in font larm1000!
Missing character: There is no с ("441) in font larm1000!
Missing character: There is no т ("442) in font larm1000!
Missing character: There is no о ("43E) in font larm1000!
Missing character: There is no т ("442) in font larm1000!
Missing character: There is no н ("43D) in font larm1000!
Missing character: There is no о ("43E) in font larm1000!
Missing character: There is no й ("439) in font larm1000!
Missing character: There is no б ("431) in font larm1000!
Missing character: There is no а ("430) in font larm1000!
Missing character: There is no л ("43B) in font larm1000!
Missing character: There is no а ("430) in font larm1000!
Missing character: There is no н ("43D) in font larm1000!
Missing character: There is no с ("441) in font larm1000!
Missing character: There is no и ("438) in font larm1000!
Missing character: There is no р ("440) in font larm1000!
Missing character: There is no о ("43E) in font larm1000!
Missing character: There is no в ("432) in font larm1000!
Missing character: There is no к ("43A) in font larm1000!
Missing character: There is no и ("438) in font larm1000!
Missing character: There is no т ("442) in font larm1000!
Missing character: There is no у ("443) in font larm1000!
Missing character: There is no р ("440) in font larm1000!
Missing character: There is no б ("431) in font larm1000!
Missing character: There is no о ("43E) in font larm1000!
Missing character: There is no к ("43A) in font larm1000!
Missing character: There is no о ("43E) in font larm1000!
Missing character: There is no м ("43C) in font larm1000!
Missing character: There is no п ("43F) in font larm1000!
Missing character: There is no О ("41E) in font larm1000!
Missing character: There is no б ("431) in font larm1000!
Missing character: There is no о ("43E) in font larm1000!
Missing character: There is no р ("440) in font larm1000!
Missing character: There is no у ("443) in font larm1000!
Missing character: There is no д ("434) in font larm1000!
Missing character: There is no о ("43E) in font larm1000!
Missing character: There is no в ("432) in font larm1000!
Missing character: There is no а ("430) in font larm1000!
Missing character: There is no н ("43D) in font larm1000!
Missing character: There is no и ("438) in font larm1000!
Missing character: There is no е ("435) in font larm1000!
Missing character: There is no с ("441) in font larm1000!
Missing character: There is no п ("43F) in font larm1000!
Missing character: There is no е ("435) in font larm1000!
Missing character: There is no ц ("446) in font larm1000!
Missing character: There is no и ("438) in font larm1000!
Missing character: There is no а ("430) in font larm1000!
Missing character: There is no л ("43B) in font larm1000!
Missing character: There is no ь ("44C) in font larm1000!
Missing character: There is no н ("43D) in font larm1000!
Missing character: There is no о ("43E) in font larm1000!
Missing character: There is no г ("433) in font larm1000!
Missing character: There is no о ("43E) in font larm1000!
Missing character: There is no н ("43D) in font larm1000!
Missing character: There is no а ("430) in font larm1000!
Missing character: There is no з ("437) in font larm1000!
Missing character: There is no н ("43D) in font larm1000!
Missing character: There is no а ("430) in font larm1000!
Missing character: There is no ч ("447) in font larm1000!
Missing character: There is no е ("435) in font larm1000!
Missing character: There is no н ("43D) in font larm1000!
Missing character: There is no и ("438) in font larm1000!
Missing character: There is no я ("44F) in font larm1000!
Missing character: There is no п ("43F) in font larm1000!
Missing character: There is no р ("440) in font larm1000!
Missing character: There is no о ("43E) in font larm1000!
Missing character: There is no ч ("447) in font larm1000!
Missing character: There is no е ("435) in font larm1000!
Missing character: There is no е ("435) in font larm1000!
[9]
Missing character: There is no С ("421) in font larm1000!
Missing character: There is no Т ("422) in font larm1000!
Missing character: There is no П ("41F) in font larm1000!
Missing character: There is no У ("423) in font larm1000!
Missing character: There is no д ("434) in font larm1000!
Missing character: There is no а ("430) in font larm1000!
Missing character: There is no л ("43B) in font larm1000!
Missing character: There is no е ("435) in font larm1000!
Missing character: There is no н ("43D) in font larm1000!
Missing character: There is no и ("438) in font larm1000!
Missing character: There is no е ("435) in font larm1000!
Missing character: There is no п ("43F) in font larm1000!
Missing character: There is no о ("43E) in font larm1000!
Missing character: There is no з ("437) in font larm1000!
Missing character: There is no и ("438) in font larm1000!
Missing character: There is no ц ("446) in font larm1000!
Missing character: There is no и ("438) in font larm1000!
Missing character: There is no й ("439) in font larm1000!
Missing character: There is no С ("421) in font larm1000!
Missing character: There is no П ("41F) in font larm1000!
Missing character: There is no Г ("413) in font larm1000!
Missing character: There is no З ("417) in font larm1000!
Missing character: There is no п ("43F) in font larm1000!
Missing character: There is no о ("43E) in font larm1000!
Missing character: There is no о ("43E) in font larm1000!
Missing character: There is no т ("442) in font larm1000!
Missing character: There is no м ("43C) in font larm1000!
Missing character: There is no е ("435) in font larm1000!
Missing character: There is no н ("43D) in font larm1000!
Missing character: There is no н ("43D) in font larm1000!
Missing character: There is no ы ("44B) in font larm1000!
Missing character: There is no х ("445) in font larm1000!
Missing character: There is no с ("441) in font larm1000!
Missing character: There is no О ("41E) in font larm1000!
Missing character: There is no р ("440) in font larm1000!
Missing character: There is no л ("43B) in font larm1000!
Missing character: There is no о ("43E) in font larm1000!
Missing character: There is no в ("432) in font larm1000!
Missing character: There is no Н ("41D) in font larm1000!
Missing character: There is no и ("438) in font larm1000!
Missing character: There is no к ("43A) in font larm1000!
Missing character: There is no о ("43E) in font larm1000!
Missing character: There is no л ("43B) in font larm1000!
Missing character: There is no а ("430) in font larm1000!
Missing character: There is no й ("439) in font larm1000!
Missing character: There is no В ("412) in font larm1000!
Missing character: There is no и ("438) in font larm1000!
Missing character: There is no т ("442) in font larm1000!
Missing character: There is no а ("430) in font larm1000!
Missing character: There is no л ("43B) in font larm1000!
Missing character: There is no ь ("44C) in font larm1000!
Missing character: There is no е ("435) in font larm1000!
Missing character: There is no в ("432) in font larm1000!
Missing character: There is no и ("438) in font larm1000!
Missing character: There is no ч ("447) in font larm1000!
Missing character: There is no К ("41A) in font larm1000!
Missing character: There is no о ("43E) in font larm1000!
Missing character: There is no п ("43F) in font larm1000!
Missing character: There is no ы ("44B) in font larm1000!
Missing character: There is no л ("43B) in font larm1000!
Missing character: There is no о ("43E) in font larm1000!
Missing character: There is no в ("432) in font larm1000!
Missing character: There is no В ("412) in font larm1000!
Missing character: There is no л ("43B) in font larm1000!
Missing character: There is no а ("430) in font larm1000!
Missing character: There is no д ("434) in font larm1000!
Missing character: There is no и ("438) in font larm1000!
Missing character: There is no с ("441) in font larm1000!
Missing character: There is no л ("43B) in font larm1000!
Missing character: There is no а ("430) in font larm1000!
Missing character: There is no в ("432) in font larm1000!
Missing character: There is no И ("418) in font larm1000!
Missing character: There is no н ("43D) in font larm1000!
Missing character: There is no ы ("44B) in font larm1000!
Missing character: There is no е ("435) in font larm1000!
Missing character: There is no д ("434) in font larm1000!
Missing character: There is no е ("435) in font larm1000!
Missing character: There is no й ("439) in font larm1000!
Missing character: There is no с ("441) in font larm1000!
Missing character: There is no т ("442) in font larm1000!
Missing character: There is no в ("432) in font larm1000!
Missing character: There is no и ("438) in font larm1000!
Missing character: There is no я ("44F) in font larm1000!
Missing character: There is no И ("418) in font larm1000!
Missing character: There is no н ("43D) in font larm1000!
Missing character: There is no ы ("44B) in font larm1000!
Missing character: There is no е ("435) in font larm1000!
Missing character: There is no д ("434) in font larm1000!
Missing character: There is no е ("435) in font larm1000!
Missing character: There is no й ("439) in font larm1000!
Missing character: There is no с ("441) in font larm1000!
Missing character: There is no т ("442) in font larm1000!
Missing character: There is no в ("432) in font larm1000!
Missing character: There is no и ("438) in font larm1000!
Missing character: There is no я ("44F) in font larm1000!
Missing character: There is no И ("418) in font larm1000!
Missing character: There is no н ("43D) in font larm1000!
Missing character: There is no ы ("44B) in font larm1000!
Missing character: There is no е ("435) in font larm1000!
Missing character: There is no д ("434) in font larm1000!
Missing character: There is no е ("435) in font larm1000!
Missing character: There is no й ("439) in font larm1000!
Missing character: There is no с ("441) in font larm1000!
Missing character: There is no т ("442) in font larm1000!
Missing character: There is no в ("432) in font larm1000!
Missing character: There is no С ("421) in font larm1000!
Missing character: There is no Т ("422) in font larm1000!
Missing character: There is no Е ("415) in font larm1000!
Missing character: There is no Н ("41D) in font larm1000!
Missing character: There is no Д ("414) in font larm1000!
Missing character: There is no Ы ("42B) in font larm1000!
Missing character: There is no П ("41F) in font larm1000!
Missing character: There is no Р ("420) in font larm1000!
Missing character: There is no О ("41E) in font larm1000!
Missing character: There is no В ("412) in font larm1000!
Missing character: There is no Е ("415) in font larm1000!
Missing character: There is no Р ("420) in font larm1000!
Missing character: There is no К ("41A) in font larm1000!
Missing character: There is no И ("418) in font larm1000!
Missing character: There is no П ("41F) in font larm1000!
Missing character: There is no Р ("420) in font larm1000!
Missing character: There is no Е ("415) in font larm1000!
Missing character: There is no Д ("414) in font larm1000!
Missing character: There is no О ("41E) in font larm1000!
Missing character: There is no Х ("425) in font larm1000!
Missing character: There is no Р ("420) in font larm1000!
Missing character: There is no А ("410) in font larm1000!
Missing character: There is no Н ("41D) in font larm1000!
Missing character: There is no И ("418) in font larm1000!
Missing character: There is no Т ("422) in font larm1000!
Missing character: There is no Е ("415) in font larm1000!
Missing character: There is no Л ("41B) in font larm1000!
Missing character: There is no Е ("415) in font larm1000!
Missing character: There is no Й ("419) in font larm1000!
Missing character: There is no С ("421) in font larm1000!
Missing character: There is no Т ("422) in font larm1000!
Missing character: There is no Е ("415) in font larm1000!
Missing character: There is no Н ("41D) in font larm1000!
Missing character: There is no Д ("414) in font larm1000!
Missing character: There is no Ы ("42B) in font larm1000!
Missing character: There is no П ("41F) in font larm1000!
Missing character: There is no Р ("420) in font larm1000!
Missing character: There is no О ("41E) in font larm1000!
[10] [11] [12] [13] [14] [15] [16] [17] (./DA-54_spgz_changes_2025.aux)

LaTeX Font Warning: Some font shapes were not available, defaults substituted.

 ) 
Here is how much of TeX's memory you used:
 19851 strings out of 476919
 341643 string characters out of 5821841
 814926 words of memory out of 5000000
 39549 multiletter control sequences out of 15000+600000
 417450 words of font info for 67 fonts, out of 8000000 for 9000
 1348 hyphenation exceptions out of 8191
 98i,7n,120p,528b,509s stack positions out of 5000i,500n,10000p,200000b,80000s

Output written on DA-54_spgz_changes_2025.pdf (17 pages).
